provincia,localidad
BUENOS AIRES,VILLA LYNCH PUEYRREDON
BUENOS AIRES,BELLOCQ
BUENOS AIRES,HORTENSIA
BUENOS AIRES,CORONEL PRINGLES
BUENOS AIRES,EL DIVISORIO
BUENOS AIRES,CASCADA
BUENOS AIRES,CURAMALAL
BUENOS AIRES,D'ORBIGNY
BUENOS AIRES,PASMAN
BUENOS AIRES,SANTA MARIA
BUENOS AIRES,ANDANT
BUENOS AIRES,ARBOLEDAS
BUENOS AIRES,LA LARGA
BUENOS AIRES,SALAZAR
BUENOS AIRES,GENERAL ALVEAR
BUENOS AIRES,CASBAS
BUENOS AIRES,GENERAL LA MADRID
BUENOS AIRES,GARRE
BUENOS AIRES,LAGUNA ALSINA
BUENOS AIRES,HENDERSON
BUENOS AIRES,HERRERA VEGAS
BUENOS AIRES,RECALDE
BUENOS AIRES,COLONIA SAN MIGUEL
BUENOS AIRES,HINOJO
BUENOS AIRES,SIERRAS BAYAS
BUENOS AIRES,VILLA ALFREDO FORTABAT
BUENOS AIRES,CAPITAN CASTRO
BUENOS AIRES,FRANCISCO MADERO
BUENOS AIRES,JUAN JOSE PASO
BUENOS AIRES,NUEVA PLATA
BUENOS AIRES,PEHUAJO
BUENOS AIRES,17 DE AGOSTO
BUENOS AIRES,VILLA CASTELAR
BUENOS AIRES,ARROYO CORTO
BUENOS AIRES,GOYENA
BUENOS AIRES,LAS ENCADENADAS
BUENOS AIRES,PIGUE
BUENOS AIRES,CROTTO
BUENOS AIRES,TAPALQUE
BUENOS AIRES,SIERRA DE LA VENTANA
BUENOS AIRES,TRES PICOS
BUENOS AIRES,LA GRUTA
BUENOS AIRES,BERUTTI
BUENOS AIRES,GIRODIAS
BUENOS AIRES,LA CARRETA
BUENOS AIRES,30 DE AGOSTO
BUENOS AIRES,SAN MAYOL
BUENOS AIRES,INGENIERO THOMPSON
BUENOS AIRES,BARRIO EL TALADRO
BUENOS AIRES,CANUELAS
BUENOS AIRES,SANTA ROSA
BUENOS AIRES,URIBELARREA
BUENOS AIRES,GORCHS
BUENOS AIRES,GENERAL LAS HERAS
BUENOS AIRES,VILLARS
BUENOS AIRES,LOBOS
BUENOS AIRES,SALVADOR MARIA
BUENOS AIRES,BARRIO SANTA ROSA
BUENOS AIRES,MARCOS PAZ
BUENOS AIRES,ABBOTT
BUENOS AIRES,SAN MIGUEL DEL MONTE
BUENOS AIRES,ZENON VIDELA DORNA
BUENOS AIRES,NAVARRO
BUENOS AIRES,CARLOS BEGUERIE
BUENOS AIRES,AZUL
BUENOS AIRES,CACHARI
BUENOS AIRES,BALCARCE
BUENOS AIRES,LOS PINOS
BUENOS AIRES,SAN AGUSTIN
BUENOS AIRES,LOPEZ
BUENOS AIRES,TEDIN URIBURU
BUENOS AIRES,VILLA CACIQUE
BUENOS AIRES,CENTRO GUERRERO
BUENOS AIRES,CERRO DE LA GLORIA
BUENOS AIRES,DOLORES
BUENOS AIRES,SEVIGNE
BUENOS AIRES,COMANDANTE NICANOR OTAMENDI
BUENOS AIRES,MECHONGUE
BUENOS AIRES,GENERAL GUIDO
BUENOS AIRES,LABARDEN
BUENOS AIRES,PAVON
BUENOS AIRES,EL MARQUESADO
BUENOS AIRES,SIERRA DE LOS PADRES
BUENOS AIRES,CORONEL BOERR
BUENOS AIRES,EL TRIGO
BUENOS AIRES,LAS FLORES
BUENOS AIRES,PARDO
BUENOS AIRES,LICENCIADO MATIENZO
BUENOS AIRES,SAN MANUEL
BUENOS AIRES,LAS ARMAS
BUENOS AIRES,GENERAL PIRAN
BUENOS AIRES,MAR DE COBO
BUENOS AIRES,VIVORATA
BUENOS AIRES,CLARAZ
BUENOS AIRES,JUAN N. FERNANDEZ
BUENOS AIRES,NICANOR OLIVERA
BUENOS AIRES,PILA
BUENOS AIRES,PINAMAR
BUENOS AIRES,RAUCH
BUENOS AIRES,DE LA CANAL
BUENOS AIRES,TANDIL
BUENOS AIRES,VELLOSO
BUENOS AIRES,GENERAL CONESA
BUENOS AIRES,VILLA GESELL
CORDOBA,ARROYO CABRAL
CORDOBA,CHAZON
CORDOBA,ETRURIA
CORDOBA,LA LAGUNA
CORDOBA,LA PALESTINA
CORDOBA,LAS MOJARRAS
CORDOBA,LUCA
CORDOBA,PASCO
CORDOBA,SANABRIA
CORDOBA,TICINO
CORDOBA,TIO PUJIO
CORDOBA,VILLA MARIA
CORDOBA,VILLA NUEVA
CORDOBA,VILLA OESTE
CORDOBA,BENGOLEA
CORDOBA,CHARRAS
CORDOBA,EL RASTREADOR
CORDOBA,GENERAL CABRERA
CORDOBA,GENERAL DEHEZA
CORDOBA,HUANCHILLAS
CORDOBA,LA CARLOTA
CORDOBA,LOS CISNES
CORDOBA,PACHECO DE MELO
CORDOBA,PASO DEL DURAZNO
CORDOBA,SANTA EUFEMIA
CORDOBA,UCACHA
CORDOBA,VILLA REDUCCION
CORDOBA,CHUCUL
CORDOBA,LAS ACEQUIAS
CORDOBA,LAS PENAS
CORDOBA,DALMACIO VELEZ
CORDOBA,GENERAL FOTHERINGHAM
CORDOBA,HERNANDO
CORDOBA,JAMES CRAIK
CORDOBA,LAS ISLETILLAS
CORDOBA,LAS PERDICES
CORDOBA,PAMPAYASTA NORTE
CORDOBA,PAMPAYASTA SUD
CORDOBA,PUNTA DEL AGUA
CORDOBA,RIO TERCERO
CORDOBA,TANCACHA
CORDOBA,VILLA ASCASUBI
CORDOBA,BALLESTEROS
CORDOBA,BALLESTEROS SUD
CORDOBA,IDIAZABAL
CORDOBA,LABORDE
CORDOBA,MORRISON
CORDOBA,ORDONEZ
CORDOBA,PASCANAS
CORDOBA,RAMON J. CARCANO
CORDOBA,SAN SEVERO
BUENOS AIRES,SAN CARLOS DE BOLIVAR
CORDOBA,WENCESLAO ESCALANTE
CORDOBA,AGUA DE ORO
CORDOBA,EL MANZANO
CORDOBA,LA CALERA
CORDOBA,LA GRANJA
CORDOBA,MENDIOLAZA
CORDOBA,RIO CEBALLOS
CORDOBA,SALDAN
CORDOBA,SALSIPUEDES
CORDOBA,UNQUILLO
CORDOBA,VILLA ALLENDE
CORDOBA,VILLA CERRO AZUL
CORDOBA,BANADO DE SOTO
CORDOBA,CRUZ DE CANA
CORDOBA,CRUZ DEL EJE
CORDOBA,EL BRETE
CORDOBA,LA HIGUERA
CORDOBA,LAS CANADAS
CORDOBA,LAS PLAYAS
CORDOBA,MEDIA NARANJA
CORDOBA,SAN MARCOS SIERRA
CORDOBA,VILLA DE SOTO
CORDOBA,AVELLANEDA
CORDOBA,CANADA DE RIO PINTO
CORDOBA,COPACABANA
CORDOBA,VILLA GUTIERREZ
CORDOBA,SAN CARLOS MINAS
CORDOBA,LOS TALARES
CORDOBA,SALSACATE
CORDOBA,SAN GERONIMO
CORDOBA,TALA CANADA
CORDOBA,BIALET MASSE
CORDOBA,CABALANGO
CORDOBA,CAPILLA DEL MONTE
CORDOBA,CASA GRANDE
CORDOBA,CHARBONIER
CORDOBA,COSQUIN
CORDOBA,CUESTA BLANCA
CORDOBA,ESTANCIA VIEJA
CORDOBA,HUERTA GRANDE
CORDOBA,LA CUMBRE
CORDOBA,LA FALDA
CORDOBA,LAS JARILLAS
CORDOBA,LOS COCOS
CORDOBA,MAYU SUMAJ
CORDOBA,SAN ANTONIO DE ARREDONDO
CORDOBA,SAN ESTEBAN
CORDOBA,SAN ROQUE
CORDOBA,SANTA MARIA DE PUNILLA
CORDOBA,TALA HUASI
CORDOBA,TANTI
CORDOBA,VALLE HERMOSO
CORDOBA,VILLA CARLOS PAZ
CORDOBA,VILLA FLOR SERRANA
CORDOBA,VILLA GIARDINO
CORDOBA,VILLA LAGO AZUL
CORDOBA,VILLA PARQUE SIQUIMAN
CORDOBA,VILLA RIO ICHO CRUZ
CORDOBA,VILLA SANTA CRUZ DEL LAGO
CORDOBA,AMBUL
CORDOBA,MUSSI
CORDOBA,PANAHOLMA
CORDOBA,SAN LORENZO
CORDOBA,MALAGUENO
CORDOBA,ALTA GRACIA
CORDOBA,BARRIO GILBERT (1º DE MAYO) - TEJAS TRES
CORDOBA,BOUWER
CORDOBA,FALDA DEL CANETE
CORDOBA,FALDA DEL CARMEN
CORDOBA,LOS CEDROS
CORDOBA,RAFAEL GARCIA
CORDOBA,VILLA DEL PRADO
CORDOBA,VILLA PARQUE SANTA ANA
CORDOBA,LA PAMPA
CORDOBA,SANTA CATALINA
CHACO,EL ESPINILLO
CHACO,FORTIN LAVALLE
CHACO,JUAN JOSE CASTELLI
CHACO,MIRAFLORES
CHACO,VILLA RIO BERMEJITO
CHACO,ZAPARINQUI
CHACO,PAMPA DEL INDIO
FORMOSA,ESTANISLAO DEL CAMPO
FORMOSA,IBARRETA
FORMOSA,JUAN G. BAZAN
FORMOSA,LAS LOMITAS
FORMOSA,POZO DEL TIGRE
FORMOSA,SAN MARTIN I
FORMOSA,SUBTENIENTE PERIN
CHACO,EL SAUZAL
CHACO,NUEVA POMPEYA
CHACO,WICHI
SANTA FE,SAN BERNARDO
SANTA FE,GREGORIA PEREZ DE DENIS
SANTA FE,VILLA MINETTI
SANTA FE,SANTA MARGARITA
SANTA FE,POZO BORRADO
BUENOS AIRES,LA ARMONIA
SANTA FE,TOSTADO
SANTIAGO DEL ESTERO,PAMPA DE LOS GUANACOS
SANTIAGO DEL ESTERO,LA NENA
SANTIAGO DEL ESTERO,EL CUADRADO
ENTRE RIOS,ARROYO BARU
ENTRE RIOS,COLON
ENTRE RIOS,COLONIA HUGUES
ENTRE RIOS,HAMBIS
ENTRE RIOS,HOCKER
ENTRE RIOS,PUEBLO CAZES
ENTRE RIOS,PUEBLO LIEBIG'S
ENTRE RIOS,SAN JOSE
ENTRE RIOS,UBAJAY
ENTRE RIOS,VILLA ELISA
ENTRE RIOS,CALABACILLA
ENTRE RIOS,CLODOMIRO LEDESMA
ENTRE RIOS,COLONIA GENERAL ROCA
ENTRE RIOS,CONCORDIA
ENTRE RIOS,ESTACION YERUA
ENTRE RIOS,ESTACION YUQUERI
ENTRE RIOS,ESTANCIA GRANDE
ENTRE RIOS,LA CRIOLLA
ENTRE RIOS,NUEVA ESCOCIA
ENTRE RIOS,OSVALDO MAGNASCO
ENTRE RIOS,PEDERNAL
ENTRE RIOS,PUERTO YERUA
ENTRE RIOS,GENERAL CAMPOS
ENTRE RIOS,SAN SALVADOR
ENTRE RIOS,1º DE MAYO
ENTRE RIOS,PRONUNCIAMIENTO
ENTRE RIOS,JUBILEO
BUENOS AIRES,BARRIO LOS PIONEROS (BARRIO TAVELLA)
BUENOS AIRES,CAMPANA
BUENOS AIRES,ESCOBAR
SAN JUAN,TUPELI
BUENOS AIRES,CAPILLA DEL SENOR
BUENOS AIRES,DIEGO GAYNOR
BUENOS AIRES,LOS CARDALES
BUENOS AIRES,PARADA ROBLES - PAVON
BUENOS AIRES,LA CHOZA
BUENOS AIRES,PLOMER
BUENOS AIRES,GENERAL RODRIGUEZ
BUENOS AIRES,GENERAL SAN MARTIN
BUENOS AIRES,HURLINGHAM
BUENOS AIRES,ITUZAINGO
BUENOS AIRES,JOSE C. PAZ
BUENOS AIRES,LA MATANZA
BUENOS AIRES,CARLOS KEEN
BUENOS AIRES,CLUB DE CAMPO LOS PUENTES
BUENOS AIRES,LUJAN
BUENOS AIRES,OLIVERA
BUENOS AIRES,TORRES
BUENOS AIRES,MALVINAS ARGENTINAS
BUENOS AIRES,GOLDNEY
BUENOS AIRES,JORGE BORN
BUENOS AIRES,MERLO
BUENOS AIRES,MORENO
BUENOS AIRES,MORON
BUENOS AIRES,PILAR
BUENOS AIRES,SOLIS
BUENOS AIRES,VILLA RUIZ
BUENOS AIRES,SAN FERNANDO
BUENOS AIRES,SAN ISIDRO
BUENOS AIRES,SAN MIGUEL
BUENOS AIRES,TIGRE
BUENOS AIRES,TRES DE FEBRERO
BUENOS AIRES,VICENTE LOPEZ
CHUBUT,DIADEMA ARGENTINA
CHUBUT,CAMARONES
CHUBUT,ALDEA APELEG
CHUBUT,ALDEA BELEIRO
CHUBUT,ALTO RIO SENGUER
CHUBUT,DOCTOR RICARDO ROJAS
CHUBUT,FACUNDO
CHUBUT,LAGO BLANCO
CHUBUT,RIO MAYO
CHUBUT,BUEN PASTO
TUCUMAN,LA RAMADA
TUCUMAN,BARRIO SAN JORGE
TUCUMAN,COLOMBRES
TUCUMAN,BANDA DEL RIO SALI
TUCUMAN,LA FLORIDA
TUCUMAN,LOS RALOS
TUCUMAN,EL BRACHO
TUCUMAN,SAN ANDRES
TUCUMAN,RANCHILLOS
TUCUMAN,ALDERETES
TUCUMAN,COLONIA MAYO - BARRIO LA MILAGROSA
TUCUMAN,DELFIN GALLO
TUCUMAN,PACARA
TUCUMAN,FAMAILLA
TUCUMAN,CAMPO DE HERRERA
TUCUMAN,INGENIO FRONTERITA
TUCUMAN,RIO COLORADO
TUCUMAN,LOS PUESTOS
TUCUMAN,SANTA ROSA DE LEALES
TUCUMAN,BELLA VISTA
TUCUMAN,ESTACION ARAOZ
TUCUMAN,VILLA DE LEALES
BUENOS AIRES,PIERES
TUCUMAN,VILLA FIAD - INGENIO LEALES
CATAMARCA,ANDALHUALA
CATAMARCA,CHANAR PUNCO
CATAMARCA,EL DESMONTE
CATAMARCA,EL PUESTO
CATAMARCA,FAMATANCA
CATAMARCA,LAS MOJARRAS
CATAMARCA,PUNTA DE BALASTO
CATAMARCA,SAN JOSE
CATAMARCA,SANTA MARIA
CATAMARCA,YAPES
CATAMARCA,BANADO DE OVANTA
CATAMARCA,LAS CANAS
CATAMARCA,LAVALLE
CATAMARCA,SAN PEDRO
SANTIAGO DEL ESTERO,LAVALLE
SANTIAGO DEL ESTERO,SAN PEDRO
SANTIAGO DEL ESTERO,MANSUPA
SANTIAGO DEL ESTERO,COLONIA TINCO
SANTIAGO DEL ESTERO,LA NUEVA DONOSA
SANTIAGO DEL ESTERO,VILLA TURISTICA DEL EMBALSE DE RIO HONDO
TUCUMAN,TACO RALO
TUCUMAN,LAMADRID
BUENOS AIRES,LIMA
BUENOS AIRES,ZARATE
ENTRE RIOS,ALDEA ASUNCION
ENTRE RIOS,ESTACION LAZO
ENTRE RIOS,GENERAL GALARZA
ENTRE RIOS,GUALEGUAY
ENTRE RIOS,PUERTO RUIZ
ENTRE RIOS,ALDEA SAN ANTONIO
ENTRE RIOS,ALDEA SAN JUAN
ENTRE RIOS,ENRIQUE CARBO
ENTRE RIOS,ESTACION ESCRINA
ENTRE RIOS,FAUSTINO M. PARERA
ENTRE RIOS,GENERAL ALMADA
ENTRE RIOS,GILBERT
ENTRE RIOS,GUALEGUAYCHU
ENTRE RIOS,IRAZUSTA
ENTRE RIOS,LARROQUE
ENTRE RIOS,PASTOR BRITOS
ENTRE RIOS,PUEBLO GENERAL BELGRANO
ENTRE RIOS,URDINARRAIN
ENTRE RIOS,CEIBAS
ENTRE RIOS,IBICUY
ENTRE RIOS,MEDANOS
ENTRE RIOS,VILLA PARANACITO
ENTRE RIOS,ESTACION ARROYO CLE
ENTRE RIOS,GOBERNADOR MANSILLA
ENTRE RIOS,CASEROS
ENTRE RIOS,COLONIA ELIA
ENTRE RIOS,CONCEPCION DEL URUGUAY
ENTRE RIOS,HERRERA
ENTRE RIOS,VILLA SAN JUSTO
FORMOSA,FORTIN SOLEDAD
FORMOSA,GUADALCAZAR
FORMOSA,LAGUNA YEMA
FORMOSA,LAMADRID
FORMOSA,LOS CHIRIGUANOS
FORMOSA,POZO DEL MORTERO
FORMOSA,FORTIN CABO 1º LUGONES
FORMOSA,POSTA CAMBIO ZALAZAR
LA RIOJA,CHANAR
LA RIOJA,OLTA
LA RIOJA,PORTEZUELO
LA RIOJA,MALANZAN
LA RIOJA,NACATE
LA RIOJA,SAN ANTONIO
LA RIOJA,MILAGRO
LA RIOJA,AMBIL
LA RIOJA,COLONIA ORTIZ DE OCAMPO
LA RIOJA,OLPAS
LA RIOJA,SANTA RITA DE CATUNA
LA RIOJA,ULAPES
LA RIOJA,CHEPES
LA RIOJA,DESIDERIO TELLO
SAN LUIS,CANDELARIA
SAN JUAN,VILLA GENERAL SAN MARTIN - CAMPO AFUERA
SAN JUAN,VILLA EL SALVADOR - VILLA SEFAIR
SAN JUAN,LAS TAPIAS
SAN JUAN,SAN JUAN
SAN JUAN,BERMEJO
SAN JUAN,CAUCETE
SAN JUAN,LAS TALAS - LOS MEDANOS
SAN JUAN,PIE DE PALO
SAN JUAN,VALLECITO
SAN JUAN,VILLA INDEPENDENCIA
SAN JUAN,MARAYES
SAN JUAN,EL RINCON
SAN JUAN,CHIMBAS
SAN JUAN,MOGNA
SAN JUAN,ALTO DE SIERRA
SAN JUAN,LAS CHACRITAS
SAN JUAN,9 DE JULIO
SAN JUAN,VILLA CENTENARIO
SAN JUAN,BARRIO RUTA 40
SAN JUAN,VILLA ABERASTAIN - LA RINCONADA
SAN JUAN,CARPINTERIA
SAN JUAN,VILLA BARBOZA - VILLA NACUSI
SAN JUAN,QUINTO CUARTEL
SAN JUAN,BARRIO MUNICIPAL
SAN JUAN,RAWSON
SAN JUAN,VILLA BOLANOS (MEDANO DE ORO)
SAN JUAN,RIVADAVIA
SAN JUAN,DOS ACEQUIAS
SAN JUAN,VILLA DON BOSCO
SAN JUAN,VILLA DOMINGUITO
SAN JUAN,VILLA SAN MARTIN
SAN JUAN,BARRIO SADOP - BELLA VISTA
SAN JUAN,VILLA DEL SALVADOR
SAN JUAN,SAN ISIDRO
SAN JUAN,SANTA LUCIA
SAN JUAN,LOS BERROS
SAN JUAN,CANADA HONDA
SAN JUAN,CIENAGUITA
SAN JUAN,COLONIA FISCAL
SAN JUAN,PUNTA DEL MEDANO
SAN JUAN,VILLA MEDIA AGUA
SAN JUAN,PEDERNAL
SAN JUAN,DIVISADERO
SAN JUAN,LAS LAGUNAS
SAN JUAN,VILLA IBANEZ
SAN JUAN,CHUCUMA
SAN JUAN,VILLA SAN AGUSTIN
SAN JUAN,ASTICA
SAN JUAN,EL ENCON
SAN JUAN,VILLA BORJAS - LA CHIMBERA
SAN JUAN,VILLA SANTA ROSA
SAN JUAN,VILLA EL TANGO
SAN JUAN,VILLA BASILIO NIEVAS
NEUQUEN,MOQUEHUE
NEUQUEN,VILLA PEHUENIA
NEUQUEN,LAS COLORADAS
NEUQUEN,PIEDRA DEL AGUILA
NEUQUEN,SANTO TOMAS
NEUQUEN,JUNIN DE LOS ANDES
NEUQUEN,SAN MARTIN DE LOS ANDES
NEUQUEN,VILLA LAGO MELIQUINA
NEUQUEN,CHORRIACA
NEUQUEN,LONCOPUE
NEUQUEN,VILLA TRAFUL
NEUQUEN,CAVIAHUE
NEUQUEN,COPAHUE
NEUQUEN,EL HUECU
NEUQUEN,PASO AGUERRE
NEUQUEN,BAJADA DEL AGRIO
NEUQUEN,LA BUITRERA
NEUQUEN,LAS LAJAS
NEUQUEN,QUILI MALAL
NEUQUEN,LOS CATUTOS
NEUQUEN,MARIANO MORENO
RIO NEGRO,MENCUE
RIO NEGRO,NAUPA HUEN
RIO NEGRO,AGUADA GUZMAN
LA PAMPA,LA HUMADA
LA PAMPA,LA REFORMA
MENDOZA,MALARGUE
MENDOZA,LAS LENAS
MENDOZA,JAIME PRATS
MENDOZA,PUNTA DEL AGUA
NEUQUEN,CHOS MALAL
NEUQUEN,TRICAO MALAL
NEUQUEN,VILLA DEL CURI LEUVU
NEUQUEN,ANDACOLLO
NEUQUEN,LAS OVEJAS
NEUQUEN,LOS MICHES
NEUQUEN,MANZANO AMARGO
NEUQUEN,VILLA DEL NAHUEVE
NEUQUEN,HUINGANCO
NEUQUEN,VARVARCO
NEUQUEN,EL CHOLAR
NEUQUEN,TAQUIMILAN
NEUQUEN,BARRANCAS
NEUQUEN,BUTA RANQUIL
SAN LUIS,MARTIN DE LOYOLA
SAN LUIS,LOS OVEROS
SAN LUIS,LA MAROMA
MISIONES,ARISTOBULO DEL VALLE
MISIONES,CAMPO GRANDE
MISIONES,DOS DE MAYO NUCLEO III (Bº BERNARDINO RIVADAVIA)
MISIONES,1º DE MAYO
MISIONES,PUEBLO ILLIA
MISIONES,SALTO ENCANTADO
MISIONES,KILOMETRO 17
MISIONES,DOS DE MAYO
MISIONES,EL SOBERBIO
MISIONES,FRACRAN
MISIONES,SAN VICENTE
MISIONES,CAPIOVI
MISIONES,EL ALCAZAR
MISIONES,GARUHAPE
MISIONES,MBOPICUA
MISIONES,PUERTO RICO
MISIONES,RUIZ DE MONTOYA
MISIONES,SAN ALBERTO
MISIONES,SAN MIGUEL
MISIONES,VILLA BONITA
MISIONES,VILLA AKERMAN
MISIONES,VILLA URRUTIA
MISIONES,PUERTO LEONI
MISIONES,SAN GOTARDO
MISIONES,CAPIOVICINO
MISIONES,PANAMBI
MISIONES,PANAMBI KILOMETRO 8
MISIONES,PANAMBI KILOMETRO 15
MISIONES,BARRIO ESCUELA 461
MISIONES,COLONIA POLANA
MISIONES,GENERAL URQUIZA
MISIONES,GOBERNADOR ROCA
MISIONES,HELVECIA
MISIONES,HIPOLITO YRIGOYEN
MISIONES,OASIS
MISIONES,ROCA CHICA
MISIONES,SAN IGNACIO
MISIONES,JARDIN AMERICA
MISIONES,SANTO PIPO
MISIONES,BARRIO TUNGOIL
MISIONES,FLORENTINO AMEGHINO
MISIONES,MOJON GRANDE
MISIONES,PARAISO
MISIONES,ALBA POSSE
MISIONES,ALICIA BAJA
MISIONES,COLONIA AURORA
MISIONES,SAN FRANCISCO DE ASIS
MISIONES,SANTA RITA
MISIONES,25 DE MAYO
MISIONES,ALICIA ALTA
MENDOZA,RUSSELL
MENDOZA,LAS VIOLETAS
MENDOZA,MENDOZA
MENDOZA,3 DE MAYO
MENDOZA,GODOY CRUZ
MENDOZA,COLONIA SEGOVIA
MENDOZA,GUAYMALLEN
MENDOZA,LA PRIMAVERA
MENDOZA,LOS CORRALITOS
MENDOZA,PUENTE DE HIERRO
MENDOZA,INGENIERO GIAGNONI
MENDOZA,JUNIN
MENDOZA,LA COLONIA
MENDOZA,MEDRANO
MENDOZA,PHILLIPS
MENDOZA,RODRIGUEZ PENA
MENDOZA,LOS BARRIALES
MENDOZA,BARRIO ALTO DEL OLVIDO
MENDOZA,BARRIO JOCOLI II
MENDOZA,BARRIO LA PEGA
MENDOZA,BARRIO LOS JARILLEROS
MENDOZA,BARRIO LOS OLIVOS
MENDOZA,BARRIO VIRGEN DEL ROSARIO
MENDOZA,INGENIERO GUSTAVO ANDRE
MENDOZA,VILLA TULUMAYA
MENDOZA,COSTA DE ARAUJO
MENDOZA,BARRIO PERDRIEL IV
MENDOZA,COSTA FLORES
MENDOZA,LUJAN DE CUYO
MENDOZA,PERDRIEL
MENDOZA,UGARTECHE
MENDOZA,BARRANCAS
MENDOZA,RODEO DEL MEDIO
MENDOZA,SAN ROQUE
MENDOZA,ANDRADE
MENDOZA,BARRIO COOPERATIVA LOS CAMPAMENTOS
MENDOZA,LOS CAMPAMENTOS
MENDOZA,REDUCCION DE ABAJO
MENDOZA,RIVADAVIA
MENDOZA,SANTA MARIA DE ORO
MENDOZA,ALTO VERDE
MENDOZA,BARRIO CARRASCO
MENDOZA,BARRIO EL CEPILLO
MENDOZA,LA CONSULTA
MENDOZA,PAREDITAS
MENDOZA,CHILECITO
MENDOZA,SAN CARLOS
MENDOZA,BARRIO CHIVILCOY
MENDOZA,BARRIO LOS CHARABONES
MENDOZA,BARRIO NTRA. SRA. DE FATIMA
MENDOZA,CHIVILCOY
MENDOZA,EL RAMBLON
MENDOZA,SAN MARTIN
MENDOZA,CHAPANAY
MENDOZA,MONTECASEROS
MENDOZA,BARRIO EMANUEL
MENDOZA,BARRIO MOLINA CABRERA
MENDOZA,LA DORMIDA
MENDOZA,LAS CATITAS
MENDOZA,SANTA ROSA
MENDOZA,BARRIO 12 DE OCTUBRE
MENDOZA,BARRIO SAN CAYETANO
MENDOZA,CAMPO LOS ANDES
MENDOZA,COLONIA LAS ROSAS
MENDOZA,EL MANZANO
MENDOZA,TUNUYAN
MENDOZA,VISTA FLORES
MENDOZA,LOS SAUCES
MENDOZA,BARRIO BELGRANO NORTE
MENDOZA,EL ZAMPAL
MENDOZA,SAN JOSE
MENDOZA,BARRIO EL NEVADO
MENDOZA,BARRIO EMPLEADOS DE COMERCIO
MENDOZA,BARRIO INTENDENCIA
MENDOZA,CAPITAN MONTOYA
MENDOZA,EL NIHUIL
MENDOZA,EL SOSNEADO
MENDOZA,EL TROPEZON
MENDOZA,LA LLAVE NUEVA
MENDOZA,LAS MALVINAS
MENDOZA,MONTE COMAN
MENDOZA,POBRE DIABLO
MENDOZA,RAMA CAIDA
MENDOZA,SALTO DE LAS ROSAS
MENDOZA,SAN RAFAEL
MENDOZA,25 DE MAYO
MENDOZA,VILLA ATUEL
MENDOZA,VILLA ATUEL NORTE
MENDOZA,GOUDGE
MENDOZA,CUADRO BENEGAS
CORRIENTES,CAZADORES CORRENTINOS
CORRIENTES,CURUZU CUATIA
CORRIENTES,MARIANO I. LOZA
CORRIENTES,COLONIA LIBERTAD
CORRIENTES,ESTACION LIBERTAD
CORRIENTES,JUAN PUJOL
CORRIENTES,MOCORETA
CORRIENTES,MONTE CASEROS
CORRIENTES,PARADA ACUNA
CORRIENTES,PARADA LABOUGLE
CORRIENTES,BONPLAND
CORRIENTES,PARADA PUCHETA
CORRIENTES,PASO DE LOS LIBRES
CORRIENTES,TAPEBICUA
ENTRE RIOS,COLONIA AYUI
ENTRE RIOS,LOS CHARRUAS
ENTRE RIOS,CHAJARI
ENTRE RIOS,COLONIA ALEMANA
ENTRE RIOS,COLONIA LA ARGENTINA
ENTRE RIOS,FEDERACION
ENTRE RIOS,LOS CONQUISTADORES
ENTRE RIOS,SAN JAIME DE LA FRONTERA
ENTRE RIOS,SAN PEDRO
ENTRE RIOS,SAN RAMON
ENTRE RIOS,SANTA ANA
ENTRE RIOS,VILLA DEL ROSARIO
ENTRE RIOS,NUEVA VIZCAYA
CORDOBA,COLONIA 10 DE JULIO
SANTA FE,ESTEBAN RAMS
SANTA FE,LOGRONO
SANTA FE,MONTEFIORE
SANTA FE,SUARDI
SANTA FE,CAPIVARA
SANTA FE,LAS AVISPAS
SANTA FE,VILLA TRINIDAD
SANTA FE,COLONIA ROSA
SANTA FE,HUANQUEROS
SANTA FE,LA CABRAL
SANTA FE,MONIGOTES
SANTA FE,CONSTANZA
SANTA FE,CERES
SANTA FE,AMBROSETTI
SANTA FE,COLONIA BOSSI
SANTA FE,AGUARA GRANDE
SANTA FE,LAS PALMERAS
SANTA FE,LA RUBIA
SANTA FE,BALNEARIO LA VERDE
SANTA FE,SANTURCE
SANTA FE,HERSILIA
SANTA FE,SAN GUILLERMO
SANTA FE,NANDUCITA
SANTA FE,ARRUFO
SANTA FE,CURUPAYTI
SANTA FE,SAN CRISTOBAL
SANTA FE,COLONIA ANA
SANTIAGO DEL ESTERO,ARGENTINA
SANTIAGO DEL ESTERO,GUARDIA ESCOLTA
SANTIAGO DEL ESTERO,CUATRO BOCAS
SANTIAGO DEL ESTERO,BANDERA
SANTIAGO DEL ESTERO,FORTIN INCA
SANTIAGO DEL ESTERO,LOS JURIES
SANTIAGO DEL ESTERO,TOMAS YOUNG
SANTIAGO DEL ESTERO,SELVA
SANTIAGO DEL ESTERO,COLONIA ALPINA
SANTIAGO DEL ESTERO,PALO NEGRO
CATAMARCA,EL CAJON
CATAMARCA,FUERTE QUEMADO
CATAMARCA,LA HOYADA
SALTA,CAFAYATE
SALTA,TOLOMBON
SALTA,SAN CARLOS
SALTA,ANIMANA
SALTA,ANGASTACO
SANTIAGO DEL ESTERO,BANDERA BAJADA
SANTIAGO DEL ESTERO,LA CANADA
SANTIAGO DEL ESTERO,EL CRUCERO
SANTIAGO DEL ESTERO,COLONIA SAN JUAN
SANTIAGO DEL ESTERO,VACA HUANUNA
SANTIAGO DEL ESTERO,MINERVA
SANTIAGO DEL ESTERO,CASPI CORRAL
SANTIAGO DEL ESTERO,SUNCHO CORRAL
SANTIAGO DEL ESTERO,YUCHAN
SANTIAGO DEL ESTERO,MATARA
SANTIAGO DEL ESTERO,LILO VIEJO
SANTIAGO DEL ESTERO,PATAY
SANTIAGO DEL ESTERO,LAS TINAJAS
SANTIAGO DEL ESTERO,LIBERTAD
CORRIENTES,ALVEAR
CORRIENTES,ESTACION TORRENT
CORRIENTES,COLONIA LIEBIG'S
CORRIENTES,ITUZAINGO
CORRIENTES,SAN ANTONIO
CORRIENTES,SAN CARLOS
CORRIENTES,VILLA OLIVARI
CORRIENTES,COLONIA CARLOS PELLEGRINI
CORRIENTES,LORETO
CORRIENTES,JOSE RAFAEL GOMEZ
CORRIENTES,GARRUCHOS
CORRIENTES,GOBERNADOR IGR. VALENTIN VIRASORO
CORRIENTES,SANTO TOME
MISIONES,AZARA
MISIONES,BARRIO RURAL
MISIONES,ESTACION APOSTOLES
MISIONES,PINDAPOY
MISIONES,RINCON DE AZARA
MISIONES,SAN JOSE
MISIONES,TRES CAPONES
MISIONES,APOSTOLES
MISIONES,BONPLAND
MISIONES,CANDELARIA
MISIONES,CERRO CORA
MISIONES,MARTIRES
MISIONES,PROFUNDIDAD
MISIONES,PUERTO SANTA ANA
MISIONES,LORETO
MISIONES,SANTA ANA
MISIONES,BARRIO DEL LAGO
MISIONES,GARUPA
MISIONES,NEMESIO PARMA
MISIONES,POSADAS (EXTENSION)
MISIONES,POSADAS
MISIONES,BARRA CONCEPCION
MISIONES,CONCEPCION DE LA SIERRA
MISIONES,LA CORITA
MISIONES,SANTA MARIA
MISIONES,ALMAFUERTE
MISIONES,CAA - YARI
MISIONES,CERRO AZUL
MISIONES,DOS ARROYOS
MISIONES,GOBERNADOR LOPEZ
MISIONES,LEANDRO N. ALEM
MISIONES,OLEGARIO V. ANDRADE
MISIONES,VILLA LIBERTAD
MISIONES,ARROYO DEL MEDIO
MISIONES,COLONIA ALBERDI
MISIONES,GUARANI
MISIONES,SAN MARTIN
MISIONES,EL SALTO
MISIONES,DOMINGO SAVIO
MISIONES,ITACARUARE
MISIONES,SAN JAVIER
BUENOS AIRES,SANTA CLARA DEL MAR
CATAMARCA,ANTOFAGASTA DE LA SIERRA
CATAMARCA,EL PENON
CATAMARCA,LOS NACIMIENTOS
SALTA,TOLAR GRANDE
SALTA,SANTA MARIA
SALTA,CORONEL JUAN SOLA
SALTA,PLUMA DE PATO
SALTA,SANTA VICTORIA ESTE
SALTA,HITO 1
CHACO,TACO POZO
SALTA,CORONEL OLLEROS
SALTA,EL QUEBRACHAL
SALTA,GAONA
SALTA,JOAQUIN V. GONZALEZ
SALTA,NUESTRA SENORA DE TALAVERA
SALTA,RIO DEL VALLE
SALTA,CEIBALITO
SALTA,CENTRO 25 DE JUNIO
SALTA,TOLLOCHE
SALTA,MACAPILLO
SALTA,SAN JOSE DE ORQUERA
SALTA,EL TUNAL
SALTA,EL GALPON
SANTIAGO DEL ESTERO,URUTAU
CHUBUT,RAWSON
CHUBUT,ARROYO VERDE
CHUBUT,PUERTO MADRYN
CHUBUT,PUERTO PIRAMIDES
CHUBUT,QUINTAS EL MIRADOR
CHUBUT,RESERVA AREA PROTEGIDA EL DORADILLO
CHUBUT,GAIMAN
CHUBUT,PLAYA MAGAGNA
CHUBUT,PLAYA UNION
CHUBUT,TRELEW
RIO NEGRO,BAHIA CREEK
RIO NEGRO,GUARDIA MITRE
RIO NEGRO,LA LOBERIA
RIO NEGRO,SAN JAVIER
RIO NEGRO,EL JUNCAL
RIO NEGRO,POZO SALADO
RIO NEGRO,GENERAL CONESA
RIO NEGRO,BARRIO PLANTA COMPRESORA DE GAS
RIO NEGRO,BARRIO COLONIA CONESA
RIO NEGRO,SIERRA GRANDE
RIO NEGRO,PLAYAS DORADAS
RIO NEGRO,EL EMPALME
RIO NEGRO,LAS GRUTAS
RIO NEGRO,PUNTA COLORADA
RIO NEGRO,SACO VIEJO
RIO NEGRO,SAN ANTONIO OESTE
RIO NEGRO,PUERTO SAN ANTONIO ESTE
RIO NEGRO,SIERRA PAILEMAN
RIO NEGRO,ARROYO LOS BERROS
RIO NEGRO,VALCHETA
RIO NEGRO,ARROYO VENTANA
RIO NEGRO,AGUADA CECILIO
NEUQUEN,AGUADA SAN ROQUE
NEUQUEN,ANELO
NEUQUEN,SAN PATRICIO DEL CHANAR
NEUQUEN,ARROYITO
NEUQUEN,CENTENARIO
NEUQUEN,CUTRAL CO
NEUQUEN,NEUQUEN
NEUQUEN,PLOTTIER
NEUQUEN,SENILLOSA
NEUQUEN,VILLA EL CHOCON
NEUQUEN,VISTA ALEGRE SUR
NEUQUEN,PLAZA HUINCUL
NEUQUEN,EL SAUCE
NEUQUEN,PICUN LEUFU
NEUQUEN,RAMON M. CASTRO
RIO NEGRO,BARRIO UNION
RIO NEGRO,CHELFORO
RIO NEGRO,CHIMPAY
RIO NEGRO,CORONEL BELISLE
RIO NEGRO,DARWIN
RIO NEGRO,LAMARQUE
RIO NEGRO,POMONA
RIO NEGRO,LUIS BELTRAN
RIO NEGRO,CHOELE CHOEL
RIO NEGRO,CERRO POLICIA
RIO NEGRO,LAS PERLAS
RIO NEGRO,VALLE AZUL
RIO NEGRO,PASO CORDOVA
RIO NEGRO,EL CUY
RIO NEGRO,VILLA SAN ISIDRO
RIO NEGRO,GENERAL ENRIQUE GODOY
RIO NEGRO,BARRIO GUERRICO
RIO NEGRO,CINCO SALTOS
RIO NEGRO,BARRIO MAR DEL PLATA
RIO NEGRO,BARRIO NORTE
RIO NEGRO,BARRIO LA HERRADURA
RIO NEGRO,BARRIO EL LABRADOR
RIO NEGRO,BARRIO FATIMA
RIO NEGRO,BARRIO COSTA ESTE
RIO NEGRO,ALLEN
RIO NEGRO,MAINQUE
RIO NEGRO,BARRIO SANTA RITA
RIO NEGRO,BARRIO MONO AZUL
RIO NEGRO,BARRIO DESTACAMENTO
RIO NEGRO,BARRIO LUISILLO
RIO NEGRO,PARAJE ARROYON (BAJO SAN CAYETANO)
RIO NEGRO,BARRIO BLANCO
RIO NEGRO,BARRIO CALLE CIEGA Nº 6
RIO NEGRO,BARRIO COSTA OESTE
RIO NEGRO,BARRIO EL MARUCHITO
RIO NEGRO,BARRIO FRONTERA
RIO NEGRO,PUENTE CERO
RIO NEGRO,BARRIO MARIA ELVIRA
RIO NEGRO,BARRIO ISLA 10
RIO NEGRO,BARRIO SANTA LUCIA
RIO NEGRO,CIPOLLETTI
RIO NEGRO,GENERAL FERNANDEZ ORO
RIO NEGRO,GENERAL ROCA
RIO NEGRO,INGENIERO LUIS A. HUERGO
RIO NEGRO,VILLA ALBERDI
RIO NEGRO,VILLA MANZANO
RIO NEGRO,BARRIO CANALE
RIO NEGRO,BARRIO CHACRA MONTE
RIO NEGRO,BARRIO CALLE CIEGA Nº 10
RIO NEGRO,BARRIO EL PETROLEO
RIO NEGRO,BARRIO EMERGENTE
RIO NEGRO,BARRIO LA COSTA
RIO NEGRO,BARRIO LA DEFENSA
RIO NEGRO,BARRIO LA BARDA
RIO NEGRO,BARRIO PORVENIR
RIO NEGRO,CERVANTES
RIO NEGRO,CHICHINALES
RIO NEGRO,CONTRALMIRANTE CORDERO
RIO NEGRO,FERRI
RIO NEGRO,INGENIERO OTTO KRAUSE
RIO NEGRO,SARGENTO VIDAL
RIO NEGRO,VILLA REGINA
RIO NEGRO,VILLA DEL PARQUE
CATAMARCA,CHUCHUCARUANA
CATAMARCA,COLPES
CATAMARCA,EL BOLSON
CATAMARCA,EL RODEO
CATAMARCA,HUAYCAMA
CATAMARCA,LA PUERTA
CATAMARCA,LAS CHACRITAS
CATAMARCA,LAS JUNTAS
CATAMARCA,LOS CASTILLOS
CATAMARCA,LOS TALAS
CATAMARCA,LOS VARELA
CATAMARCA,SINGUIL
CATAMARCA,EL ALAMITO
CATAMARCA,EL LINDERO
CATAMARCA,AMADORES
CATAMARCA,LA HIGUERA
CATAMARCA,LA MERCED
CATAMARCA,LA VINA
CATAMARCA,LAS LAJAS
CATAMARCA,MONTE POTRERO
CATAMARCA,SAN ANTONIO
CATAMARCA,VILLA DE BALCOZNA
CATAMARCA,ALIJILAN
CATAMARCA,LOS ALTOS
CATAMARCA,MANANTIALES
TUCUMAN,ILTICO
TUCUMAN,ARCADIA
TUCUMAN,ALPACHIRI
TUCUMAN,LA TRINIDAD
TUCUMAN,ALTO VERDE
TUCUMAN,CONCEPCION
TUCUMAN,MEDINA
TUCUMAN,GRANEROS
TUCUMAN,VILLA BELGRANO
TUCUMAN,JUAN BAUTISTA ALBERDI
TUCUMAN,LA COCHA
TUCUMAN,SAN JOSE DE LA COCHA
CATAMARCA,ANDALGALA
CATAMARCA,CHAQUIAGO
CATAMARCA,CHOYA
CATAMARCA,EL POTRERO
CATAMARCA,RINCON
CATAMARCA,SAN MIGUEL
CATAMARCA,SAUJIL
CATAMARCA,SIJAN
BUENOS AIRES,COLON
BUENOS AIRES,SARASA
BUENOS AIRES,ARRIBENOS
BUENOS AIRES,ASCENSION
BUENOS AIRES,ESTACION ARENALES
BUENOS AIRES,FERRE
BUENOS AIRES,GENERAL ARENALES
BUENOS AIRES,COLONIA SAN RICARDO
BUENOS AIRES,GERMANIA
BUENOS AIRES,GUNTHER
BUENOS AIRES,VILLA ROTH
BUENOS AIRES,FORTIN TIBURCIO
BUENOS AIRES,SAFORCADA
BUENOS AIRES,ALBERDI VIEJO
BUENOS AIRES,FORTIN ACHA
BUENOS AIRES,JUAN BAUTISTA ALBERDI
BUENOS AIRES,LEANDRO N. ALEM
BUENOS AIRES,VEDIA
BUENOS AIRES,BERMUDEZ
CORDOBA,DEL CAMPILLO
CORDOBA,ESTACION LECUEDER
CORDOBA,HIPOLITO BOUCHARD
CORDOBA,HUINCA RENANCO
CORDOBA,ITALO
CORDOBA,MATTALDI
CORDOBA,NICOLAS BRUZZONE
CORDOBA,ONAGOITY
CORDOBA,PINCEN
CORDOBA,RANQUELES
CORDOBA,SANTA MAGDALENA
CORDOBA,VILLA HUIDOBRO
CORDOBA,VILLA SARMIENTO
CORDOBA,VILLA VALERIA
CORDOBA,ALEJO LEDESMA
CORDOBA,ARIAS
CORDOBA,GENERAL LEVALLE
CORDOBA,LA CESIRA
CORDOBA,LABOULAYE
CORDOBA,LEGUIZAMON
CORDOBA,MELO
CORDOBA,RIO BAMBA
CORDOBA,ROSALES
CORDOBA,SAN JOAQUIN
CORDOBA,SERRANO
CORDOBA,VILLA ROSSI
CORDOBA,ADELIA MARIA
CORDOBA,CORONEL MOLDES
CORDOBA,LA CAUTIVA
CORDOBA,MONTE DE LOS GAUCHOS
CORDOBA,TOSQUITAS
CORDOBA,VICUNA MACKENNA
CORDOBA,WASHINGTON
CORDOBA,ALDEA SANTA MARIA
CORDOBA,BENJAMIN GOULD
CORDOBA,CANALS
CORDOBA,PUEBLO ITALIANO
CORDOBA,VIAMONTE
LA PAMPA,QUETREQUEN
LA PAMPA,RANCUL
LA PAMPA,ADOLFO VAN PRAET
LA PAMPA,DAMIAN MAISONAVE
SAN LUIS,JUSTO DARACT
SAN LUIS,VILLA SALLES
SANTA FE,JUNCAL
SANTA FE,SAN FRANCISCO DE SANTA FE
SANTA FE,CHOVET
SANTA FE,LAZZARINO
SANTA FE,AARON CASTELLANOS
SANTA FE,CHAPUY
SANTA FE,VENADO TUERTO
SANTA FE,DIEGO DE ALVEAR
SANTA FE,HUGHES
SANTA FE,LABORDEBOY
SANTA FE,RUFINO
SANTA FE,TEODELINA
SANTA FE,SAN EDUARDO
BUENOS AIRES,BERAZATEGUI
BUENOS AIRES,BERISSO
BUENOS AIRES,ALTAMIRANO
BUENOS AIRES,BARRIO EL MIRADOR
BUENOS AIRES,BARRIO LAS GOLONDRINAS
BUENOS AIRES,BARRIO LOS BOSQUECITOS
BUENOS AIRES,CAMPOS DE ROCA
BUENOS AIRES,CORONEL BRANDSEN
BUENOS AIRES,GOMEZ
BUENOS AIRES,JEPPENER
BUENOS AIRES,OLIDEN
BUENOS AIRES,BARRIO LOMAS ALTAS
BUENOS AIRES,CHASCOMUS
BUENOS AIRES,LAGUNA VITEL
BUENOS AIRES,MANUEL J. COBO
BUENOS AIRES,VILLA PARQUE GIRADO
BUENOS AIRES,ENSENADA
BUENOS AIRES,LA PLATA
BUENOS AIRES,ATALAYA
BUENOS AIRES,GENERAL MANSILLA
BUENOS AIRES,LOS NARANJOS
BUENOS AIRES,MAGDALENA
BUENOS AIRES,VIEYTES
BUENOS AIRES,ALVAREZ JONTE
BUENOS AIRES,PIPINAS
BUENOS AIRES,PUNTA INDIO
BUENOS AIRES,VERONICA
BUENOS AIRES,AVELLANEDA
BUENOS AIRES,LANUS
BUENOS AIRES,QUILMES
BUENOS AIRES,CADRET
BUENOS AIRES,CARLOS CASARES
BUENOS AIRES,COLONIA MAURICIO
BUENOS AIRES,LA SOFIA
BUENOS AIRES,MAURICIO HIRSCH
BUENOS AIRES,MOCTEZUMA
BUENOS AIRES,ORDOQUI
BUENOS AIRES,SANTO TOMAS
BUENOS AIRES,SMITH
BUENOS AIRES,LA DELFINA
BUENOS AIRES,LAPLACETTE
BUENOS AIRES,EL DORADO
BUENOS AIRES,BAYAUCA
BUENOS AIRES,CORONEL MARTINEZ DE HOZ
BUENOS AIRES,EL TRIUNFO
BUENOS AIRES,LINCOLN
BUENOS AIRES,TRIUNVIRATO
BUENOS AIRES,ALFREDO DEMARCHI
BUENOS AIRES,CASALINS
BUENOS AIRES,LA AURORA
BUENOS AIRES,SAN BERNARDO
CORDOBA,CAMILO ALDAO
CORDOBA,CAPITAN GENERAL BERNARDO O'HIGGINS
CORDOBA,CAVANAGH
CORDOBA,COLONIA BARGE
CORDOBA,COLONIA ITALIANA
CORDOBA,COLONIA VEINTICINCO
CORDOBA,CORRAL DE BUSTOS
CORDOBA,CRUZ ALTA
CORDOBA,GENERAL BALDISSERA
CORDOBA,GENERAL ROCA
CORDOBA,GUATIMOZIN
CORDOBA,INRIVILLE
CORDOBA,ISLA VERDE
CORDOBA,LEONES
CORDOBA,LOS SURGENTES
CORDOBA,MARCOS JUAREZ
CORDOBA,MONTE BUEY
CORDOBA,SALADILLO
CORDOBA,VILLA ELISA
CORDOBA,BELL VILLE
CORDOBA,COLONIA BISMARCK
CORDOBA,COLONIA BREMEN
CORDOBA,JUSTINIANO POSSE
CORDOBA,MONTE LENA
CORDOBA,MONTE MAIZ
CORDOBA,SAN MARCOS
CORDOBA,VILLA LOS PATOS
SANTA FE,LAS ROSAS
SANTA FE,MONTES DE OCA
SANTA FE,ARMSTRONG
SANTA FE,LAS PAREJAS
SANTA FE,TORTUGAS
SANTA FE,AREQUITO
SANTA FE,BERAVEBU
SANTA FE,CASILDA
SANTA FE,LOS MOLINOS
SANTA FE,LOS NOGALES
SANTA FE,LOS QUIRQUINCHOS
SANTA FE,SANFORD
SANTA FE,ARTEAGA
SANTA FE,SAN JOSE DE LA ESQUINA
SANTA FE,VILLADA
SANTA FE,GODEKEN
SANTA FE,BIGAND
SANTA FE,CHANAR LADEADO
SANTA FE,CHABAS
SANTA FE,ALCORTA
SANTA FE,BOMBAL
SANTA FE,MURPHY
SANTA FE,MAGGIOLO
SANTA FE,MIGUEL TORRES
SANTA FE,FIRMAT
SANTA FE,CANADA DEL UCLE
SANTA FE,AMENABAR
SANTA FE,CARRERAS
SANTA FE,CAFFERATA
SANTA FE,LA CHISPA
SANTA FE,ELORTONDO
SANTA FE,CARMEN
SANTA FE,MELINCUE
SANTA FE,MARIA TERESA
SANTA FE,CHRISTOPHERSEN
SANTA FE,VILLA CANAS
SANTA FE,SANTA ISABEL
SANTA FE,SANCTI SPIRITU
SANTA FE,WHEELWRIGHT
SANTA FE,SAN GREGORIO
SANTA FE,CLASSON
SANTA FE,CORREA
SANTA FE,COLONIA MEDICI
SANTA FE,CANADA DE GOMEZ
SANTA FE,VILLA ELOISA
SANTA FE,LARGUIA
SANTA FE,BARRIO CICARELLI
SANTA FE,BUSTINZA
SANTA FE,TOTORAS
SANTA FE,CARCARANA
BUENOS AIRES,ALBERTI
BUENOS AIRES,CORONEL SEGUI
BUENOS AIRES,MECHITA
BUENOS AIRES,PLA
BUENOS AIRES,VILLA GRISOLIA
BUENOS AIRES,VILLA MARIA
BUENOS AIRES,VILLA ORTIZ
BUENOS AIRES,BRAGADO
BUENOS AIRES,COMODORO PY
BUENOS AIRES,GENERAL O'BRIEN
BUENOS AIRES,IRALA
BUENOS AIRES,LA LIMPIA
BUENOS AIRES,JUAN F. SALABERRY
BUENOS AIRES,OLASCOAGA
BUENOS AIRES,WARNES
BUENOS AIRES,BENITEZ
BUENOS AIRES,CHIVILCOY
BUENOS AIRES,EMILIO AYARZA
BUENOS AIRES,GOROSTIAGA
BUENOS AIRES,LA RICA
BUENOS AIRES,MOQUEHUA
BUENOS AIRES,RAMON BIAUS
BUENOS AIRES,SAN SEBASTIAN
BUENOS AIRES,BAIGORRITA
BUENOS AIRES,LOS TOLDOS
BUENOS AIRES,SAN EMILIO
BUENOS AIRES,ZAVALIA
BUENOS AIRES,AGUSTINA
BUENOS AIRES,JUNIN
BUENOS AIRES,MORSE
BUENOS AIRES,ANTONIO CARBONI
BUENOS AIRES,ELVIRA
BUENOS AIRES,MERCEDES
BUENOS AIRES,MOREA
BUENOS AIRES,JOSE JUAN ALMEYRA
BUENOS AIRES,LAS MARIANAS
BUENOS AIRES,VILLA MOLL
BUENOS AIRES,CARLOS MARIA NAON
BUENOS AIRES,12 DE OCTUBRE
BUENOS AIRES,DUDIGNAC
BUENOS AIRES,MANUEL B. GONNET
BUENOS AIRES,MARCELINO UGARTE
BUENOS AIRES,NORUMBEGA
BUENOS AIRES,9 DE JULIO
BUENOS AIRES,PATRICIOS
BUENOS AIRES,ROQUE PEREZ
BUENOS AIRES,ALVAREZ DE TOLEDO
BUENOS AIRES,CAZON
BUENOS AIRES,DEL CARRIL
BUENOS AIRES,POLVAREDAS
BUENOS AIRES,SALADILLO
BUENOS AIRES,CUCULLU
BUENOS AIRES,SAN ANDRES DE GILES
BUENOS AIRES,VILLA ESPIL
BUENOS AIRES,SUIPACHA
BUENOS AIRES,AGUSTIN MOSCONI
BUENOS AIRES,DEL VALLE
BUENOS AIRES,ERNESTINA
BUENOS AIRES,GOBERNADOR UGARTE
BUENOS AIRES,LUCAS MONTEVERDE
BUENOS AIRES,NORBERTO DE LA RIESTRA
BUENOS AIRES,PEDERNALES
BUENOS AIRES,SAN ENRIQUE
BUENOS AIRES,VALDES
BUENOS AIRES,25 DE MAYO
CHUBUT,GAN GAN
CHUBUT,TELSEN
RIO NEGRO,PRAHUANIYEU
RIO NEGRO,YAMINUE
RIO NEGRO,COMICO
RIO NEGRO,SIERRA COLORADA
RIO NEGRO,TRENETA
RIO NEGRO,MINISTRO RAMOS MEXIA
RIO NEGRO,CONA NIYEU
BUENOS AIRES,HALE
RIO NEGRO,NAHUEL NIYEU
RIO NEGRO,EL CAIN
RIO NEGRO,AGUADA DE GUERRA
RIO NEGRO,PILQUINIYEU
RIO NEGRO,LOS MENUCOS
JUJUY,EL FUERTE
JUJUY,EL TALAR
JUJUY,PALMA SOLA
JUJUY,VINALITO
SALTA,LAS LAJITAS
SALTA,LUIS BURELA
SALTA,PIQUETE CABADO
SALTA,GENERAL PIZARRO
SALTA,CORONEL MOLLINEDO
SALTA,APOLINARIO SARAVIA
SALTA,URUNDEL
SALTA,SANTA ROSA
SALTA,RIVADAVIA
SALTA,LA UNION
SANTIAGO DEL ESTERO,LOS SORIA
SANTIAGO DEL ESTERO,LOS QUIROGA
SANTIAGO DEL ESTERO,ABRA GRANDE
SANTIAGO DEL ESTERO,LA AURORA
SANTIAGO DEL ESTERO,ARDILES
SANTIAGO DEL ESTERO,ANTAJE
SANTIAGO DEL ESTERO,CHAUPI POZO
SANTIAGO DEL ESTERO,LA DARSENA
SANTIAGO DEL ESTERO,LA BANDA
SANTIAGO DEL ESTERO,SIMBOLAR
SANTIAGO DEL ESTERO,TRAMO 16
SANTIAGO DEL ESTERO,TRAMO 20
SANTIAGO DEL ESTERO,HUYAMAMPA
SANTIAGO DEL ESTERO,YANDA
SANTIAGO DEL ESTERO,MORALES
SANTIAGO DEL ESTERO,PUESTO DE SAN ANTONIO
SANTIAGO DEL ESTERO,SANTA MARIA
SANTIAGO DEL ESTERO,EL DEAN
SANTIAGO DEL ESTERO,EL MOJON
SANTIAGO DEL ESTERO,MAQUITO
SANTIAGO DEL ESTERO,LOS CARDOZOS
SANTIAGO DEL ESTERO,MACO
SANTIAGO DEL ESTERO,VUELTA DE LA BARRANCA
SANTIAGO DEL ESTERO,EL ZANJON
SANTIAGO DEL ESTERO,SANTIAGO DEL ESTERO
SANTIAGO DEL ESTERO,LAPRIDA
SANTIAGO DEL ESTERO,ISCA YACU
SANTIAGO DEL ESTERO,GRAMILLA
SANTIAGO DEL ESTERO,EL CHARCO
SANTIAGO DEL ESTERO,POZO HONDO
BUENOS AIRES,ADOLFO GONZALES CHAVES
SANTIAGO DEL ESTERO,ISCA YACU SEMAUL
SANTIAGO DEL ESTERO,VILLA SAN MARTIN (EST. LORETO)
TUCUMAN,LAS CEJAS
SANTIAGO DEL ESTERO,CHAUCHILLAS
SANTIAGO DEL ESTERO,EL SAUZAL
SANTIAGO DEL ESTERO,POZUELOS
SANTIAGO DEL ESTERO,RODEO DE VALDEZ
SANTIAGO DEL ESTERO,VINARA
SANTIAGO DEL ESTERO,LOS NUNEZ
SANTIAGO DEL ESTERO,LOS MIRANDA
SANTIAGO DEL ESTERO,VILLA RIO HONDO
SANTIAGO DEL ESTERO,VILLA GIMENEZ
SANTIAGO DEL ESTERO,TERMAS DE RIO HONDO
SANTIAGO DEL ESTERO,VILMER
SANTIAGO DEL ESTERO,INGENIERO FORRES
SANTIAGO DEL ESTERO,ESTACION ROBLES
SANTIAGO DEL ESTERO,VILLA NUEVA
SANTIAGO DEL ESTERO,SUMAMAO
SANTIAGO DEL ESTERO,ARRAGA
SANTIAGO DEL ESTERO,SIMBOL
SANTIAGO DEL ESTERO,NUEVA FRANCIA
CATAMARCA,ANCASTI
CATAMARCA,ANQUINCILA
CATAMARCA,LA CANDELARIA
CATAMARCA,LA MAJADA
CATAMARCA,CAPAYAN
CATAMARCA,CHUMBICHA
CATAMARCA,COLONIA DEL VALLE
CATAMARCA,COLONIA NUEVA CONETA
CATAMARCA,CONCEPCION
CATAMARCA,CONETA
CATAMARCA,EL BANADO
CATAMARCA,HUILLAPIMA
CATAMARCA,LOS ANGELES
CATAMARCA,MIRAFLORES
CATAMARCA,SAN PABLO
LA PAMPA,NAICO
CATAMARCA,SAN FERNANDO DEL VALLE DE CATAMARCA
CATAMARCA,EL ALTO
CATAMARCA,GUAYAMBA
CATAMARCA,INFANZON
CATAMARCA,LOS CORRALES
CATAMARCA,TAPSO
CATAMARCA,VILISMAN
CATAMARCA,POMANCILLO ESTE
CATAMARCA,POMANCILLO OESTE
CATAMARCA,VILLA LAS PIRQUITAS
CATAMARCA,EL AYBAL
CATAMARCA,ICANO
CATAMARCA,LAS ESQUINAS
CATAMARCA,LAS PALMITAS
CATAMARCA,QUIROS
CATAMARCA,RAMBLONES
CATAMARCA,PALO LABRADO
CATAMARCA,COLANA
CATAMARCA,EL PAJONAL
CATAMARCA,MUTQUIN
CATAMARCA,POMAN
CATAMARCA,EL PORTEZUELO
CATAMARCA,LAS TEJAS
CATAMARCA,SAN ISIDRO
CATAMARCA,SANTA CRUZ
SANTIAGO DEL ESTERO,ANCAJAN
SANTIAGO DEL ESTERO,TAPSO
SANTIAGO DEL ESTERO,FRIAS
SANTIAGO DEL ESTERO,VILLA LA PUNTA
SANTIAGO DEL ESTERO,CHOYA
SANTIAGO DEL ESTERO,ESTACION LA PUNTA
SANTIAGO DEL ESTERO,VILLA ATAMISQUI
SANTIAGO DEL ESTERO,ESTACION ATAMISQUI
SANTIAGO DEL ESTERO,MEDELLIN
SANTIAGO DEL ESTERO,SUMAMPA
SANTIAGO DEL ESTERO,VILLA OJO DE AGUA
SANTIAGO DEL ESTERO,EL 49
SANTIAGO DEL ESTERO,RAMIREZ DE VELAZCO
SANTIAGO DEL ESTERO,SUMAMPA VIEJO
SANTIAGO DEL ESTERO,LOS TELARES
SANTIAGO DEL ESTERO,VILLA SALAVINA
SANTIAGO DEL ESTERO,CHILCA JULIANA
SANTIAGO DEL ESTERO,BREA POZO
BUENOS AIRES,JUAN E. BARRA
BUENOS AIRES,VASQUEZ
BUENOS AIRES,ARIEL
BUENOS AIRES,CHILLAR
BUENOS AIRES,BENITO JUAREZ
BUENOS AIRES,ENERGIA
BUENOS AIRES,COLONIA NIEVAS
BUENOS AIRES,OLAVARRIA
BUENOS AIRES,SANTA LUISA
BUENOS AIRES,SIERRA CHICA
BUENOS AIRES,BALNEARIO SAN CAYETANO
BUENOS AIRES,OCHANDIO
BUENOS AIRES,SAN CAYETANO
BUENOS AIRES,GARDEY
BUENOS AIRES,MARIA IGNACIA
BUENOS AIRES,CLAROMECO
BUENOS AIRES,COPETONAS
BUENOS AIRES,MICAELA CASCALLARES
BUENOS AIRES,ORENSE
BUENOS AIRES,SAN FRANCISCO DE BELLOCQ
BUENOS AIRES,TRES ARROYOS
BUENOS AIRES,VILLA RODRIGUEZ
CHACO,CONCEPCION DEL BERMEJO
CHACO,LOS FRENTONES
CHACO,PAMPA DEL INFIERNO
CHACO,PRESIDENCIA ROQUE SAENZ PENA
CHACO,CHARATA
CHACO,GANCEDO
CHACO,GENERAL CAPDEVILA
CHACO,GENERAL PINEDO
CHACO,MESON DE FIERRO
CHACO,PAMPA LANDRIEL
CHACO,ITIN
CHACO,CORZUELA
CHACO,AVIA TERAI
CHACO,CAMPO LARGO
CHACO,FORTIN LAS CHUNAS
CHACO,NAPENAY
CHACO,TRES ISLETAS
CHACO,LAS BRENAS
CHACO,LA CLOTILDE
CHACO,LA TIGRA
CHACO,SAN BERNARDO
CHACO,QUITILIPI
CHACO,VILLA EL PALMAR
CHACO,VILLA BERTHET
CHACO,HAUMONIA
CHACO,COLONIA ABORIGEN
CHACO,NAPALPI
CHACO,GENERAL VEDIA
CHACO,LA LEONESA
CHACO,LAS PALMAS
CHACO,PUERTO BERMEJO NUEVO
CHACO,PUERTO BERMEJO VIEJO
CHACO,PUERTO EVA PERON
FORMOSA,COLONIA PASTORIL
FORMOSA,FORMOSA
FORMOSA,GRAN GUARDIA
FORMOSA,MARIANO BOEDO
FORMOSA,MOJON DE FIERRO
FORMOSA,SAN HILARIO
FORMOSA,BANCO PAYAGUA
FORMOSA,GENERAL LUCIO V. MANSILLA
FORMOSA,HERRADURA
FORMOSA,SAN FRANCISCO DE LAISHI
BUENOS AIRES,CASTELLI
FORMOSA,TATANE
FORMOSA,VILLA ESCOLAR
FORMOSA,BUENA VISTA
FORMOSA,EL ESPINILLO
FORMOSA,LAGUNA GALLO
FORMOSA,MISION TACAAGLE
FORMOSA,PORTON NEGRO
FORMOSA,TRES LAGUNAS
FORMOSA,CLORINDA
FORMOSA,LAGUNA BLANCA
FORMOSA,LAGUNA NAICK-NECK
FORMOSA,PALMA SOLA
FORMOSA,PUERTO PILCOMAYO
FORMOSA,RIACHO HE-HE
FORMOSA,RIACHO NEGRO
FORMOSA,SIETE PALMAS
CHACO,HERMOSO CAMPO
CHACO,CHOROTIS
CHACO,SANTA SYLVINA
CHACO,VENADOS GRANDES
CHACO,CORONEL DU GRATY
CHACO,ENRIQUE URIEN
CHACO,VILLA ANGELA
SANTA FE,GATO COLORADO
SANTIAGO DEL ESTERO,CANADA ESCOBAR
SANTIAGO DEL ESTERO,CLODOMIRA
SANTIAGO DEL ESTERO,VILLA FIGUEROA
SANTIAGO DEL ESTERO,VILELAS
SANTIAGO DEL ESTERO,EL COLORADO
SANTIAGO DEL ESTERO,ROVERSI
SANTIAGO DEL ESTERO,QUIMILI
SANTIAGO DEL ESTERO,BELTRAN
SANTIAGO DEL ESTERO,FERNANDEZ
SANTIAGO DEL ESTERO,COLONIA EL SIMBOLAR
SANTIAGO DEL ESTERO,ESTACION TABOADA
SANTIAGO DEL ESTERO,GARZA
SANTIAGO DEL ESTERO,VILLA SILIPICA
CATAMARCA,SAN MARTIN
CATAMARCA,CASA DE PIEDRA
CATAMARCA,EL DIVISADERO
CATAMARCA,EL QUIMILO
CATAMARCA,ESQUIU
CATAMARCA,LA DORADA
CATAMARCA,LA GUARDIA
CATAMARCA,RECREO
JUJUY,AGUAS CALIENTES
JUJUY,BARRIO EL MILAGRO
JUJUY,BARRIO LA UNION
JUJUY,EL CARMEN
BUENOS AIRES,MAR DEL SUR
BUENOS AIRES,URDAMPILLETA
JUJUY,LOS LAPACHOS
JUJUY,MANANTIALES
JUJUY,MONTERRICO
JUJUY,PAMPA BLANCA
JUJUY,PERICO
JUJUY,PUESTO VIEJO
JUJUY,SAN ISIDRO
JUJUY,SAN JUANCITO
JUJUY,GUERRERO
JUJUY,LA ALMONA
JUJUY,LEON
JUJUY,LOZANO
JUJUY,OCLOYAS
JUJUY,SAN SALVADOR DE JUJUY
JUJUY,TESORERO
JUJUY,YALA
JUJUY,PAULINA
JUJUY,CALILEGUA
JUJUY,BANANAL
JUJUY,BERMEJITO
JUJUY,CAIMANCITO
JUJUY,CHALICAN
JUJUY,FRAILE PINTADO
JUJUY,LIBERTAD
JUJUY,LIBERTADOR GENERAL SAN MARTIN
JUJUY,MAIZ NEGRO
JUJUY,YUTO
JUJUY,CARAHUNCO
JUJUY,CENTRO FORESTAL
JUJUY,PALPALA
JUJUY,SAN ANTONIO
JUJUY,EL CEIBAL
JUJUY,LOS ALISOS
JUJUY,LOTEO NAVEA
JUJUY,NUESTRA SENORA DEL ROSARIO
JUJUY,LA MANGA
JUJUY,EL ACHERAL
JUJUY,ARRAYANAL
JUJUY,ARROYO COLORADO
JUJUY,DON EMILIO
JUJUY,EL PUESTO
JUJUY,EL QUEMADO
JUJUY,LA ESPERANZA
JUJUY,LA MENDIETA
JUJUY,PALOS BLANCOS
JUJUY,PIEDRITAS
JUJUY,RODEITO
JUJUY,ROSARIO DE RIO GRANDE (EX BARRO NEGRO)
JUJUY,SAN LUCAS
JUJUY,SAN PEDRO
JUJUY,EL PIQUETE
JUJUY,PUENTE LAVAYEN
JUJUY,SANTA CLARA
JUJUY,JUELLA
JUJUY,HUACALERA
JUJUY,MAIMARA
JUJUY,TILCARA
JUJUY,BARCENA
JUJUY,PUERTA DE COLORADOS
JUJUY,PURMAMARCA
JUJUY,TUMBAYA
JUJUY,VOLCAN
JUJUY,VALLE GRANDE
JUJUY,PAMPICHUELA
JUJUY,SAN FRANCISCO
JUJUY,VALLE COLORADO
SALTA,VILLA SAN LORENZO
SALTA,SALTA
SALTA,EL BORDO
SALTA,COBOS
SALTA,VAQUEROS
SALTA,LA CALDERA
SALTA,LA MERCED DEL ENCON
SALTA,LA SILLETA
BUENOS AIRES,BAHIA BLANCA
BUENOS AIRES,CABILDO
BUENOS AIRES,GENERAL DANIEL CERRI
BUENOS AIRES,BALNEARIO PEHUEN CO
BUENOS AIRES,MARISOL
BUENOS AIRES,SAN ROMAN
BUENOS AIRES,LARTIGAU
BUENOS AIRES,CENTINELA DEL MAR
BUENOS AIRES,BALNEARIO SAUCE GRANDE
BUENOS AIRES,MONTE HERMOSO
BUENOS AIRES,NECOCHEA - QUEQUEN
BUENOS AIRES,RAMON SANTAMARINA
BUENOS AIRES,BAHIA SAN BLAS
BUENOS AIRES,CARDENAL CAGLIERO
BUENOS AIRES,CARMEN DE PATAGONES
BUENOS AIRES,JOSE B. CASAS
BUENOS AIRES,JUAN A. PRADERE
BUENOS AIRES,STROEDER
BUENOS AIRES,VILLALONGA
BUENOS AIRES,BALNEARIO ORENSE
BUENOS AIRES,RETA
BUENOS AIRES,ARGERICH
BUENOS AIRES,HILARIO ASCASUBI
BUENOS AIRES,MAYOR BURATOVICH
BUENOS AIRES,MEDANOS
BUENOS AIRES,PEDRO LURO
BUENOS AIRES,TENIENTE ORIGONE
RIO NEGRO,EL CONDOR
RIO NEGRO,LOTEO COSTA DE RIO
RIO NEGRO,VIEDMA
BUENOS AIRES,ALMIRANTE BROWN
BUENOS AIRES,BARRIO PARQUE LAS ACACIAS
BUENOS AIRES,GOBERNADOR UDAONDO
BUENOS AIRES,MAXIMO PAZ
BUENOS AIRES,ESTEBAN ECHEVERRIA
BUENOS AIRES,EZEIZA
BUENOS AIRES,FLORENCIO VARELA
BUENOS AIRES,GENERAL BELGRANO
BUENOS AIRES,LOMA VERDE
BUENOS AIRES,RANCHOS
BUENOS AIRES,VILLANUEVA
BUENOS AIRES,LOMAS DE ZAMORA
BUENOS AIRES,PRESIDENTE PERON
BUENOS AIRES,SAN VICENTE
CORRIENTES,BERON DE ASTRADA
CORRIENTES,YAHAPE
CORRIENTES,CORRIENTES
CORRIENTES,RIACHUELO
CORRIENTES,SAN CAYETANO
CORRIENTES,CONCEPCION
CORRIENTES,SANTA ROSA
CORRIENTES,TABAY
CORRIENTES,TATACUA
CORRIENTES,EL SOMBRERO
CORRIENTES,EMPEDRADO
CORRIENTES,ITA IBATE
CORRIENTES,LOMAS DE VALLEJOS
CORRIENTES,NUESTRA SENORA DEL ROSARIO DE CAA CATI
CORRIENTES,PALMAR GRANDE
CORRIENTES,ITATI
CORRIENTES,RAMADA PASO
CORRIENTES,MBURUCUYA
CORRIENTES,SALADAS
CORRIENTES,SAN LORENZO
CORRIENTES,INGENIO PRIMER CORRENTINO
CORRIENTES,PASO DE LA PATRIA
CORRIENTES,SAN COSME
CORRIENTES,SANTA ANA
CORRIENTES,SAN LUIS DEL PALMAR
CORRIENTES,SAN MIGUEL
CORRIENTES,COLONIA PANDO
CORRIENTES,SAN ROQUE
CHACO,ISLA DEL CERRITO
CHACO,BARRIO DE LOS PESCADORES
SAN JUAN,CALINGASTA
SAN JUAN,TAMBERIAS
SAN JUAN,BARREAL - VILLA PITUIL
JUJUY,ABRA PAMPA
JUJUY,LA REDONDA
JUJUY,PUESTO DEL MARQUEZ
JUJUY,UQUIA
JUJUY,PALCA DE APARZO
JUJUY,APARZO
JUJUY,CIANZO
JUJUY,COCTACA
JUJUY,EL AGUILAR
JUJUY,HIPOLITO YRIGOYEN
JUJUY,HUMAHUACA
JUJUY,PALCA DE VARAS
JUJUY,RODERO
JUJUY,TRES CRUCES
JUJUY,COLONIA SAN JOSE
JUJUY,CASPALA
JUJUY,SANTA ANA
JUJUY,YAVI
JUJUY,BARRIOS
JUJUY,CANGREJILLOS
JUJUY,EL CONDOR
JUJUY,LA INTERMEDIA
JUJUY,LA QUIACA
JUJUY,LLULLUCHAYOC
JUJUY,PUMAHUASI
JUJUY,YAVI CHICO
SALTA,PUEBLO VIEJO
SALTA,IRUYA
SALTA,ISLA DE CANAS
SALTA,ACOYTE
SALTA,LOS TOLDOS
SALTA,SANTA VICTORIA
SALTA,POSCAYA
SALTA,NAZARENO
SALTA,SAN MARCOS
SALTA,CAMPO LA CRUZ
SALTA,PAYOGASTA
SALTA,CACHI
SALTA,LA MERCED
SALTA,CERRILLOS
SALTA,SAN AGUSTIN
SALTA,CHICOANA
SALTA,BARRIO FINCA LA MAROMA
SALTA,EL CARRIL
SALTA,BARRIO LA ROTONDA
SALTA,BARRIO SANTA TERESITA
SALTA,CAMPO SANTO
SALTA,GENERAL GUEMES
SALTA,GUACHIPAS
SALTA,LA POMA
SALTA,CABRA CORRAL
SALTA,CORONEL MOLDES
SALTA,LA VINA
SALTA,TALAPAMPA
SALTA,AMPASCACHI
SALTA,LUMBRERAS
SALTA,SAN JOSE DE METAN (EST. METAN)
SALTA,RIO PIEDRAS
SALTA,MOLINOS
SALTA,LA PUERTA
SALTA,SECLANTAS
SALTA,ROSARIO DE LERMA
SALTA,CAMPO QUIJANO
BUENOS AIRES,CARLOS TEJEDOR
BUENOS AIRES,COLONIA SERE
BUENOS AIRES,CURARU
BUENOS AIRES,TIMOTE
BUENOS AIRES,TRES ALGARROBOS
BUENOS AIRES,BLAQUIER
BUENOS AIRES,FLORENTINO AMEGHINO
BUENOS AIRES,PORVENIR
BUENOS AIRES,GENERAL PINTO
BUENOS AIRES,VILLA FRANCIA
BUENOS AIRES,BANDERALO
BUENOS AIRES,CANADA SECA
BUENOS AIRES,CORONEL CHARLONE
BUENOS AIRES,EMILIO V. BUNGE
BUENOS AIRES,GENERAL VILLEGAS
BUENOS AIRES,MASSEY
BUENOS AIRES,PICHINCHA
LA PAMPA,TOAY
BUENOS AIRES,PIEDRITAS
BUENOS AIRES,SANTA ELEODORA
BUENOS AIRES,SANTA REGINA
BUENOS AIRES,VILLA SABOYA
BUENOS AIRES,VILLA SAUZE
BUENOS AIRES,ARENAZA
BUENOS AIRES,CARLOS SALAS
BUENOS AIRES,LAS TOSCAS
BUENOS AIRES,PASTEUR
BUENOS AIRES,ROBERTS
BUENOS AIRES,SAN ESTEBAN
BUENOS AIRES,INOCENCIO SOSA
BUENOS AIRES,AMERICA
BUENOS AIRES,FORTIN OLAVARRIA
BUENOS AIRES,GONZALEZ MORENO
BUENOS AIRES,MIRA PAMPA
BUENOS AIRES,ROOSEVELT
BUENOS AIRES,SAN MAURICIO
BUENOS AIRES,SANSINENA
BUENOS AIRES,SUNDBLAD
BUENOS AIRES,TRENQUE LAUQUEN
LA PAMPA,CEBALLOS
LA PAMPA,BERNARDO LARROUDE
LA PAMPA,CORONEL HILARIO LAGOS
LA PAMPA,INTENDENTE ALVEAR
LA PAMPA,SARAH
LA PAMPA,VERTIZ
LA PAMPA,DORILA
LA PAMPA,AGUSTONI
LA PAMPA,GENERAL PICO
LA PAMPA,SPELUZZI
LA PAMPA,TREBOLARES
LA PAMPA,QUEMU QUEMU
LA PAMPA,CALEUFU
LA PAMPA,PARERA
LA PAMPA,ALTA ITALIA
LA PAMPA,EMBAJADOR MARTINI
LA PAMPA,FALUCHO
LA PAMPA,INGENIERO LUIGGI
LA PAMPA,OJEDA
LA PAMPA,REALICO
LA PAMPA,ARATA
LA PAMPA,METILEO
LA PAMPA,TRENEL
CORDOBA,ALTO DE LOS QUEBRACHOS
CORDOBA,GUANACO MUERTO
CORDOBA,LA BATEA
CORDOBA,LOS CHANARITOS
CORDOBA,CHUNA
CORDOBA,DEAN FUNES
CORDOBA,LOS POZOS
CORDOBA,OLIVARES DE SAN NICOLAS
CORDOBA,QUILINO
CORDOBA,SAN PEDRO DE TOYOS
CORDOBA,CERRO COLORADO
CORDOBA,CHANAR VIEJO
CORDOBA,EUFRASIO LOZA
CORDOBA,GUTEMBERG
CORDOBA,LOS HOYOS
CORDOBA,PUESTO DE CASTRO
CORDOBA,RAYO CORTADO
CORDOBA,SAN PEDRO DE GUTEMBERG
CORDOBA,SANTA ELENA
CORDOBA,SEBASTIAN ELCANO
CORDOBA,VILLA CANDELARIA
CORDOBA,VILLA DE MARIA
CORDOBA,CAMINIAGA
CORDOBA,CHUNA HUASI
CORDOBA,POZO NUEVO
CORDOBA,SAN FRANCISCO DEL CHANAR
CORDOBA,SIMBOLAR
CORDOBA,CHURQUI CANADA
CORDOBA,EL RODEO
CORDOBA,EL TUSCAL
CORDOBA,LAS ARRIAS
CORDOBA,LUCIO V. MANSILLA
CORDOBA,ROSARIO DEL SALADILLO
CORDOBA,SAN JOSE DE LA DORMIDA
CORDOBA,SAN JOSE DE LAS SALINAS
CORDOBA,SAN PEDRO NORTE
CORDOBA,VILLA TULUMBA
SANTIAGO DEL ESTERO,SOL DE JULIO
CHACO,RIO MUERTO
CHACO,EL SAUZALITO
CHACO,FUERTE ESPERANZA
FORMOSA,LA RINCONADA
FORMOSA,POZO DE MAZA
FORMOSA,VACA PERDIDA
FORMOSA,INGENIERO GUILLERMO N. JUAREZ
FORMOSA,EL POTRILLO
FORMOSA,GENERAL MOSCONI
FORMOSA,EL QUEBRACHO
SALTA,ALTO DE LA SIERRA
SALTA,CAPITAN JUAN PAGE
SALTA,LOS BLANCOS
SANTIAGO DEL ESTERO,CORONEL MANUEL L. RICO
SANTIAGO DEL ESTERO,DONADEU
SANTIAGO DEL ESTERO,CAMPO GALLO
SANTIAGO DEL ESTERO,LOS PIRPINTOS
SANTIAGO DEL ESTERO,MONTE QUEMADO
SANTIAGO DEL ESTERO,LOS TIGRES
SANTIAGO DEL ESTERO,EL CABURE
SANTIAGO DEL ESTERO,HERNAN MEJIA MIRAVAL
SANTIAGO DEL ESTERO,PUEBLO PABLO TORELO
SANTIAGO DEL ESTERO,ALHUAMPA
SANTIAGO DEL ESTERO,HASSE
SANTIAGO DEL ESTERO,WEISBURD
SANTIAGO DEL ESTERO,AEROLITO
SANTIAGO DEL ESTERO,TINTINA
CORDOBA,AMBOY
CORDOBA,ARROYO SAN ANTONIO
CORDOBA,CANADA DEL SAUCE
CORDOBA,EL CORCOVADO - EL TORREON
CORDOBA,EL DURAZNO
CORDOBA,EMBALSE
CORDOBA,LA CRUZ
CORDOBA,LA CUMBRECITA
CORDOBA,LAS BAJADAS
CORDOBA,LAS CALERAS
CORDOBA,LOS CONDORES
CORDOBA,LOS MOLINOS
CORDOBA,LOS REARTES
BUENOS AIRES,LOBERIA
BUENOS AIRES,DE LA GARMA
CORDOBA,LUTTI
CORDOBA,PARQUE CALMAYO
CORDOBA,RIO DE LOS SAUCES
CORDOBA,SAN AGUSTIN
CORDOBA,SAN IGNACIO (LOTEO SAN JAVIER)
CORDOBA,SANTA ROSA DE CALAMUCHITA
CORDOBA,SEGUNDA USINA
CORDOBA,SOLAR DE LOS MOLINOS
SAN LUIS,MERLO
CORDOBA,VILLA ALPINA
CORDOBA,VILLA AMANCAY
CORDOBA,VILLA BERNA
CORDOBA,VILLA CIUDAD PARQUE LOS REARTES
CORDOBA,VILLA DEL DIQUE
CORDOBA,VILLA EL TALA
CORDOBA,VILLA GENERAL BELGRANO
CORDOBA,VILLA LA RIVERA
CORDOBA,VILLA QUILLINZO
CORDOBA,VILLA RUMIPAL
CORDOBA,VILLA YACANTO
CORDOBA,ALCIRA GIGENA
CORDOBA,ALPA CORRAL
CORDOBA,BERROTARAN
CORDOBA,CORONEL BAIGORRIA
CORDOBA,ELENA
CORDOBA,LAS ALBAHACAS
CORDOBA,VILLA EL CHACAY
CORDOBA,ARROYO LOS PATOS
CORDOBA,LAS CALLES
CORDOBA,LAS RABONAS
CORDOBA,MINA CLAVERO
CORDOBA,NONO
CORDOBA,SAN PEDRO
CORDOBA,SAUCE ARRIBA
CORDOBA,VILLA CURA BROCHERO
CORDOBA,CONLARA
CORDOBA,LA PAZ
CORDOBA,LA POBLACION
CORDOBA,LA TRAVESIA
CORDOBA,LAS TAPIAS
CORDOBA,LOS HORNILLOS
CORDOBA,LUYABA
CORDOBA,SAN JAVIER Y YACANTO
CORDOBA,VILLA DE LAS ROSAS
CORDOBA,VILLA LA VINA
CORDOBA,ANISACATE
CORDOBA,DESPENADEROS
CORDOBA,DIQUE CHICO
CORDOBA,JOSE DE LA QUINTANA
CORDOBA,LA BOCA DEL RIO
CORDOBA,LA PAISANITA
CORDOBA,LA RANCHERITA Y LAS CASCADAS
CORDOBA,LA SERRANITA
CORDOBA,MONTE RALO
CORDOBA,POTRERO DE GARAY
CORDOBA,SAN CLEMENTE
CORDOBA,VALLE DE ANISACATE
CORDOBA,VILLA CIUDAD DE AMERICA
CORDOBA,VILLA LA BOLSA
CORDOBA,VILLA LOS AROMOS
CORDOBA,VILLA SAN ISIDRO
CORDOBA,ALMAFUERTE
SAN LUIS,CONCARAN
SAN LUIS,VILLA DEL CARMEN
SAN LUIS,CORTADERAS
SAN LUIS,PAPAGAYOS
SAN LUIS,CARPINTERIA
SAN LUIS,LOS MOLLES
CORDOBA,CORDOBA
CORDOBA,COLONIA CAROYA
CORDOBA,COLONIA TIROLESA
CORDOBA,COLONIA VICENTE AGUERO
CORDOBA,VILLA CORAZON DE MARIA
CORDOBA,GENERAL PAZ
CORDOBA,JESUS MARIA
CORDOBA,LA PUERTA
CORDOBA,MALVINAS ARGENTINAS
CORDOBA,MI GRANJA
CORDOBA,TINOCO
CORDOBA,PARQUE NORTE - CIUDAD DE LOS NINOS - GUINAZU NORTE
CORDOBA,VILLA LOS LLANOS - JUAREZ CELMAN
CORDOBA,ATAHONA
CORDOBA,CANADA DE MACHADO
CORDOBA,CAPILLA DE LOS REMEDIOS
CORDOBA,CHALACEA
CORDOBA,COLONIA LAS CUATRO ESQUINAS
CORDOBA,DIEGO DE ROJAS
CORDOBA,EL ALCALDE
CORDOBA,EL CRISPIN
CORDOBA,ESQUINA
CORDOBA,KILOMETRO 658
CORDOBA,LA POSTA
CORDOBA,LA QUINTA
CORDOBA,LAS GRAMILLAS
CORDOBA,LAS SALADAS
CORDOBA,MAQUINISTA GALLINI
CORDOBA,MONTE DEL ROSARIO
CORDOBA,MONTECRISTO
CORDOBA,OBISPO TREJO
CORDOBA,PIQUILLIN
CORDOBA,PLAZA DE MERCEDES
CORDOBA,PUEBLO COMECHINGONES
CORDOBA,RIO PRIMERO
CORDOBA,SAGRADA FAMILIA
CORDOBA,SANTA ROSA DE RIO PRIMERO
CORDOBA,CALCHIN
CORDOBA,CALCHIN OESTE
CORDOBA,CAPILLA DEL CARMEN
CORDOBA,COLAZO
CORDOBA,COLONIA VIDELA
CORDOBA,COSTASACATE
CORDOBA,IMPIRA
CORDOBA,LAGUNA LARGA
CORDOBA,LAS JUNTURAS
CORDOBA,LUQUE
CORDOBA,MANFREDI
CORDOBA,MATORRALES
CORDOBA,ONCATIVO
CORDOBA,PILAR
CORDOBA,RINCON
CORDOBA,RIO SEGUNDO
CORDOBA,SANTIAGO TEMPLE
CORDOBA,VILLA DEL ROSARIO
CORDOBA,TRANSITO
CORDOBA,VILLA DEL TRANSITO
CORDOBA,CASEROS CENTRO
CORDOBA,LOZADA
CORDOBA,SOCAVONES
CORDOBA,TOLEDO
CORDOBA,COLONIA ALMADA
CORDOBA,CORRALITO
CORDOBA,LOS ZORROS
CORDOBA,OLIVA
CORDOBA,CANDELARIA SUR
CORDOBA,CANADA DE LUQUE
CORDOBA,CAPILLA DE SITON
CORDOBA,LOS MISTOLES
CORDOBA,SARMIENTO
CORDOBA,SINSACATE
CORDOBA,VILLA DEL TOTORAL
MENDOZA,BOWEN
MENDOZA,CARMENSA
MENDOZA,GENERAL ALVEAR
MENDOZA,LOS COMPARTOS
MENDOZA,DESAGUADERO
MENDOZA,VILLA ANTIGUA
MENDOZA,LA PAZ
MENDOZA,REAL DEL PADRE
SAN LUIS,LA CALERA
SAN LUIS,VILLA DE LA QUEBRADA
SAN LUIS,NOGOLI
SAN LUIS,ESTANCIA GRANDE
SAN LUIS,EL TRAPICHE
SAN LUIS,LA TOMA
SAN LUIS,SALADILLO
SAN LUIS,LA FLORIDA
SAN LUIS,SAN JOSE DEL MORRO
SAN LUIS,VILLA MERCEDES
SAN LUIS,VILLA REYNOLDS
SAN LUIS,UNION
SAN LUIS,NACION RANQUEL
SAN LUIS,JUAN LLERENA
SAN LUIS,LAVAISSE
SAN LUIS,NAHUEL MAPA
SAN LUIS,BUENA ESPERANZA
SAN LUIS,FORTIN EL PATRIA
SAN LUIS,FORTUNA
SAN LUIS,NUEVA GALIA
SAN LUIS,NAVIA
SAN LUIS,BATAVIA
SAN LUIS,BAGUAL
SAN LUIS,POTRERO DE LOS FUNES
SAN LUIS,ALTO PELADO
SAN LUIS,CAZADOR
SAN LUIS,ZANJITAS
SAN LUIS,LA PUNTA
SAN LUIS,BEAZLEY
SAN LUIS,ALTO PENCOSO
SAN LUIS,PASO GRANDE
LA PAMPA,GOBERNADOR DUVAL
LA PAMPA,PUELCHES
LA PAMPA,ALGARROBO DEL AGUILA
LA PAMPA,LIMAY MAHUIDA
LA PAMPA,VICTORICA
LA PAMPA,PUELEN
LA PAMPA,CASA DE PIEDRA
LA PAMPA,25 DE MAYO
LA PAMPA,CHACHARRAMENDI
MENDOZA,AGUA ESCONDIDA
NEUQUEN,MARI MENUCO
NEUQUEN,VISTA ALEGRE NORTE
NEUQUEN,RINCON DE LOS SAUCES
NEUQUEN,OCTAVIO PICO
RIO NEGRO,BARRIO PINAR
RIO NEGRO,CATRIEL
RIO NEGRO,PENINSULA RUCA CO
RIO NEGRO,BARDA DEL MEDIO
SALTA,GENERAL MOSCONI
SALTA,PADRE LOZANO
SALTA,TOBANTIRENDA
SALTA,CORONEL CORNEJO
SALTA,CAMPICHUELO
SALTA,TARTAGAL
SALTA,CARBONCITO
SALTA,AGUARAY
SALTA,CAMPO DURAN
SALTA,CAPIAZUTI
SALTA,DRAGONES
SALTA,GENERAL BALLIVIAN
SALTA,HICKMAN
SALTA,MISION KILOMETRO 6
SALTA,PACARA
SALTA,PIQUIRENDA
SALTA,TRANQUITAS
SALTA,EMBARCACION
SALTA,MISION CHAQUENA
SALTA,PROFESOR SALVADOR MAZZA
SALTA,YACUY
SALTA,AGUAS BLANCAS
SALTA,EL TABACAL
SALTA,COLONIA SANTA ROSA
SALTA,HIPOLITO YRIGOYEN
SALTA,SAN RAMON DE LA NUEVA ORAN
SALTA,PICHANAL
CATAMARCA,EL SALADO
LA RIOJA,ESTACION MAZAN
LA RIOJA,AIMOGASTA
LA RIOJA,BANADO DE LOS PANTANOS
LA RIOJA,TERMAS DE SANTA TERESITA
LA RIOJA,VILLA MAZAN
LA RIOJA,LA RIOJA
LA RIOJA,AMINGA
LA RIOJA,ANILLACO
LA RIOJA,ANJULLON
LA RIOJA,CHUQUIS
LA RIOJA,LOS MOLINOS
LA RIOJA,PINCHAS
LA RIOJA,SAN PEDRO
LA RIOJA,SANTA VERA CRUZ
LA RIOJA,PAGANCILLO
LA RIOJA,AICUNA
LA RIOJA,LOS PALACIOS
LA RIOJA,VILLA UNION
LA RIOJA,CHAMICAL
LA RIOJA,POLCO
LA RIOJA,COLONIA VICHIGASTA
LA RIOJA,NONOGASTA
LA RIOJA,CHILECITO
LA RIOJA,COLONIA ANGUINAN
LA RIOJA,COLONIA MALLIGASTA
LA RIOJA,GUANCHIN
LA RIOJA,MALLIGASTA
LA RIOJA,MIRANDA
LA RIOJA,SAN NICOLAS
LA RIOJA,SANTA FLORENTINA
LA RIOJA,SANOGASTA
LA RIOJA,TILIMUQUI
LA RIOJA,VICHIGASTA
LA RIOJA,ANGULOS
LA RIOJA,CHANARMUYO
LA RIOJA,ALTO CARRIZAL
LA RIOJA,ANTINACO
LA RIOJA,BAJO CARRIZAL
LA RIOJA,CAMPANAS
LA RIOJA,FAMATINA
LA RIOJA,LA CUADRA
LA RIOJA,PITUIL
LA RIOJA,PLAZA VIEJA
LA RIOJA,SANTA CRUZ
LA RIOJA,SANTO DOMINGO
LA RIOJA,PUNTA DE LOS LLANOS
LA RIOJA,TAMA
LA RIOJA,VILLA CASTELLI
LA RIOJA,JAGUE
LA RIOJA,VILLA SAN JOSE DE VINCHINA
LA RIOJA,AMANA
LA RIOJA,PATQUIA
LA RIOJA,SALICAS - SAN BLAS
LA RIOJA,VILLA SANAGASTA
SAN JUAN,USNO
SAN JUAN,LOS BALDECITOS
SAN JUAN,BALDE DEL ROSARIO
CORRIENTES,PERUGORRIA
CORRIENTES,CAROLINA
CORRIENTES,GOYA
CORRIENTES,CRUZ DE LOS MILAGROS
CORRIENTES,GOBERNADOR JUAN E. MARTINEZ
CORRIENTES,LAVALLE
CORRIENTES,SANTA LUCIA
CORRIENTES,VILLA CORDOBA
CORRIENTES,YATAYTI CALLE
CORRIENTES,FELIPE YOFRE
CORRIENTES,MERCEDES
CORRIENTES,GUAVIRAVI
CORRIENTES,LA CRUZ
CORRIENTES,YAPEYU
CORRIENTES,CHAVARRIA
CORRIENTES,9 DE JULIO
CORRIENTES,PEDRO R. FERNANDEZ
CORDOBA,LA RINCONADA
SANTIAGO DEL ESTERO,MALBRAN
SANTIAGO DEL ESTERO,CASARES
SANTIAGO DEL ESTERO,VILLA GENERAL MITRE
SANTIAGO DEL ESTERO,LUGONES
SANTIAGO DEL ESTERO,HERRERA
SANTIAGO DEL ESTERO,VILLA MAILIN
SANTIAGO DEL ESTERO,REAL SAYANA
SANTIAGO DEL ESTERO,COLONIA DORA
SANTIAGO DEL ESTERO,ICANO
SANTIAGO DEL ESTERO,AVERIAS
SANTIAGO DEL ESTERO,ESTACION TACANITAS
SANTIAGO DEL ESTERO,ANATUYA
SANTIAGO DEL ESTERO,VILLA UNION
SALTA,COPO QUILE
SALTA,EL POTRERO
SALTA,ANTILLA
SALTA,SAN FELIPE
SANTIAGO DEL ESTERO,SANTOS LUGARES
SANTIAGO DEL ESTERO,SAN JOSE DEL BOQUERON
SANTIAGO DEL ESTERO,EL BOBADAL
SANTIAGO DEL ESTERO,EL ARENAL
SANTIAGO DEL ESTERO,EL RINCON
SANTIAGO DEL ESTERO,RAPELLI
SANTIAGO DEL ESTERO,NUEVA ESPERANZA
SANTIAGO DEL ESTERO,POZO BETBEDER
SANTIAGO DEL ESTERO,LAS DELICIAS
SANTIAGO DEL ESTERO,SANTO DOMINGO
TUCUMAN,VILLA BURRUYACU
TUCUMAN,7 DE ABRIL
TUCUMAN,PIEDRABUENA
TUCUMAN,VILLA BENJAMIN ARAOZ
LA PAMPA,MIGUEL RIGLOS
LA PAMPA,LA ADELA
LA PAMPA,ANGUIL
LA PAMPA,SANTA ROSA
LA PAMPA,EDUARDO CASTEX
LA PAMPA,WINIFREDA
LA PAMPA,CONHELO
LA PAMPA,MAURICIO MAYER
LA PAMPA,MONTE NIEVAS
LA PAMPA,RUCANELO
LA PAMPA,PERU
LA PAMPA,ALPACHIRI
LA PAMPA,ABRAMO
LA PAMPA,GENERAL SAN MARTIN
LA PAMPA,HUCAL
LA PAMPA,CUCHILLO CO
LA PAMPA,TELEN
LA PAMPA,CARRO QUEMADO
LA PAMPA,LOVENTUE
LA PAMPA,LUAN TORO
LA PAMPA,COLONIA SAN JOSE
LA PAMPA,VILLA MIRASOL
LA PAMPA,INGENIERO FOSTER
LA PAMPA,LA MARUJA
LA PAMPA,PICHI HUINCA
LA PAMPA,CACHIRULO
LA PAMPA,QUEHUE
LA PAMPA,ATALIVA ROCA
LA PAMPA,COLONIA SANTA MARIA
LA PAMPA,GENERAL ACHA
LA PAMPA,UNANUE
RIO NEGRO,RIO COLORADO
RIO NEGRO,PICHI MAHUIDA
RIO NEGRO,SALTO ANDERSEN
SAN LUIS,ANCHORENA
SAN LUIS,ARIZONA
MISIONES,COLONIA VICTORIA
MISIONES,MARIA MAGDALENA
MISIONES,NUEVA DELICIA
MISIONES,9 DE JULIO KILOMETRO 28
MISIONES,9 DE JULIO KILOMETRO 20
MISIONES,PUEBLO NUEVO
MISIONES,PUERTO MADO
MISIONES,PUERTO PINARES
MISIONES,VALLE HERMOSO
MISIONES,VILLA ROULET
MISIONES,SANTIAGO DE LINIERS
MISIONES,ELDORADO
MISIONES,COMANDANTE ANDRESITO
MISIONES,CABUREI
MISIONES,DOS HERMANAS
MISIONES,INTEGRACION
MISIONES,PUERTO ANDRESITO
MISIONES,PUERTO DESEADO
MISIONES,SAN ANTONIO
MISIONES,PINALITO NORTE
MISIONES,BERNARDO DE IRIGOYEN
MISIONES,PUERTO LIBERTAD
MISIONES,PUERTO IGUAZU
MISIONES,VILLA COOPERATIVA
MISIONES,PUERTO ESPERANZA
MISIONES,COLONIA WANDA
MISIONES,BARRIO CUATRO BOCAS
MISIONES,BARRIO GUATAMBU
MISIONES,BARIO ITA
MISIONES,LAHARRAGUE
MISIONES,MONTECARLO
MISIONES,PIRAY KILOMETRO 18
MISIONES,VILLA PARODI
MISIONES,PUERTO PIRAY
MISIONES,PINALITO SUR
MISIONES,SAN PEDRO
MISIONES,TOBUNA
MISIONES,CRUCE CABALLERO
LA RIOJA,GUANDACOL
SAN JUAN,ANGUALASTO
SAN JUAN,PISMANTA
SAN JUAN,RODEO
SAN JUAN,TUDCUM
SAN JUAN,IGLESIA
SAN JUAN,LAS FLORES
SAN JUAN,PAMPA VIEJA
SAN JUAN,NIQUIVIL
SAN JUAN,VILLA MALVINAS ARGENTINAS
SAN JUAN,SAN JOSE DE JACHAL
SAN JUAN,GRAN CHINA
SAN JUAN,EL MEDANO
SAN JUAN,VILLA MERCEDES
SAN JUAN,HUACO
CATAMARCA,AMANAO
CATAMARCA,BARRANCA LARGA
CATAMARCA,BELEN
CATAMARCA,CONDOR HUASI
CATAMARCA,CORRAL QUEMADO
CATAMARCA,EL DURAZNO
CATAMARCA,FARALLON NEGRO
CATAMARCA,HUALFIN
CATAMARCA,JACIPUNCO
CATAMARCA,LA PUNTILLA
CATAMARCA,LONDRES
CATAMARCA,PUERTA DE CORRAL QUEMADO
CATAMARCA,PUERTA DE SAN JOSE
CATAMARCA,VILLA VIL
CATAMARCA,ANILLACO
CATAMARCA,COPACABANA
CATAMARCA,FIAMBALA
CATAMARCA,MEDANITOS
CATAMARCA,PALO BLANCO
CATAMARCA,TINOGASTA
SALTA,EL JARDIN
SALTA,EL TALA
SALTA,LA CANDELARIA
SALTA,ROSARIO DE LA FRONTERA
SALTA,EL NARANJO
TUCUMAN,MACOMITAS
TUCUMAN,EL NARANJO
TUCUMAN,EL CHANAR
TUCUMAN,VILLA PADRE MONTI
TUCUMAN,VILLA CARMELA
BUENOS AIRES,COLONIA SAN MIGUEL ARCANGEL
BUENOS AIRES,DELFIN HUERGO
BUENOS AIRES,ESTEBAN AGUSTIN GASCON
BUENOS AIRES,LA PALA
BUENOS AIRES,MAZA
BUENOS AIRES,RIVERA
BUENOS AIRES,YUTUYACO
BUENOS AIRES,JUAN F. IBARRA
BUENOS AIRES,PAULA
BUENOS AIRES,PIROVANO
BUENOS AIRES,EL PENSAMIENTO
BUENOS AIRES,INDIO RICO
BUENOS AIRES,CORONEL SUAREZ
BUENOS AIRES,HUANGUELEN
BUENOS AIRES,VILLA LA ARCADIA
BUENOS AIRES,DAIREAUX
BUENOS AIRES,LA COLINA
BUENOS AIRES,LAS MARTINETAS
BUENOS AIRES,LIBANO
BUENOS AIRES,ARROYO VENADO
BUENOS AIRES,GUAMINI
BUENOS AIRES,LAPRIDA
BUENOS AIRES,PUEBLO NUEVO
BUENOS AIRES,PUEBLO SAN JORGE
BUENOS AIRES,BLANCAGRANDE
BUENOS AIRES,ESPIGAS
BUENOS AIRES,MAGDALA
BUENOS AIRES,MONES CAZON
BUENOS AIRES,BOCAYUVA
BUENOS AIRES,DE BARY
BUENOS AIRES,PELLEGRINI
BUENOS AIRES,AZOPARDO
BUENOS AIRES,BORDENAVE
BUENOS AIRES,DARREGUEIRA
BUENOS AIRES,ESTELA
BUENOS AIRES,FELIPE SOLA
BUENOS AIRES,LOPEZ LECUBE
BUENOS AIRES,PUAN
BUENOS AIRES,SAN GERMAN
BUENOS AIRES,VILLA IRIS
BUENOS AIRES,COLONIA SAN MARTIN
BUENOS AIRES,DUFAUR
BUENOS AIRES,ESPARTILLAR
BUENOS AIRES,SAAVEDRA
BUENOS AIRES,QUENUMA
BUENOS AIRES,SALLIQUELO
BUENOS AIRES,CHASICO
BUENOS AIRES,SALDUNGARAY
BUENOS AIRES,TORNQUIST
BUENOS AIRES,VILLA VENTANA
BUENOS AIRES,TRONGE
BUENOS AIRES,TRES LOMAS
LA PAMPA,ROLON
LA PAMPA,MACACHIN
LA PAMPA,TOMAS M. ANCHORENA
LA PAMPA,URIBURU
LA PAMPA,CATRILO
LA PAMPA,LA GLORIA
LA PAMPA,LONQUIMAY
LA PAMPA,GENERAL MANUEL J. CAMPOS
LA PAMPA,GUATRACHE
LA PAMPA,SANTA TERESA
LA PAMPA,BERNASCONI
LA PAMPA,JACINTO ARAUZ
LA PAMPA,MIGUEL CANE
LA PAMPA,COLONIA BARON
LA PAMPA,RELMO
JUJUY,ABDON CASTRO TOLAY
JUJUY,ABRALAITE
JUJUY,AGUA DE CASTILLA
JUJUY,CASABINDO
JUJUY,COCHINOCA
JUJUY,QUEBRALENA
JUJUY,QUERA
JUJUY,RINCONADILLAS
JUJUY,SAN FRANCISCO DE ALFARCITO
JUJUY,SANTA ANA DE LA PUNA
JUJUY,SANTUARIO DE TRES POZOS
JUJUY,TAMBILLOS
JUJUY,TUSAQUILLAS
JUJUY,LAGUNILLAS DE FARALLON
JUJUY,CASA COLORADA
JUJUY,COYAGUAIMA
JUJUY,LIVIARA
JUJUY,LOMA BLANCA
JUJUY,NUEVO PIRQUITAS
JUJUY,OROSMAYO
JUJUY,RINCONADA
JUJUY,CIENEGUILLAS
JUJUY,MISARRUMI
JUJUY,CASIRA
JUJUY,CIENEGA DE PAICONE
JUJUY,CUSI CUSI
JUJUY,EL ANGOSTO
JUJUY,LA CIENEGA
JUJUY,ORATORIO
JUJUY,PAICONE
JUJUY,SAN JUAN DE OROS
JUJUY,SANTA CATALINA
JUJUY,YOSCABA
JUJUY,OLAROZ CHICO
JUJUY,SUSQUES
JUJUY,HUANCAR
JUJUY,CATUA
JUJUY,CORANZULI
JUJUY,EL TORO
JUJUY,JAMA
JUJUY,MINA PROVIDENCIA
JUJUY,OLACAPATO
JUJUY,PASTOS CHICOS
JUJUY,PUESTO SEY
JUJUY,SAN JUAN DE QUILLAQUES
JUJUY,EL MORENO
SALTA,COBRES
SALTA,SANTA ROSA DE LOS PASTOS GRANDES
SALTA,OLACAPATO
SALTA,SAN ANTONIO DE LOS COBRES
CHACO,PRESIDENCIA ROCA
FORMOSA,BARTOLOME DE LAS CASAS
FORMOSA,COLONIA SARMIENTO
FORMOSA,COMANDANTE FONTANA
FORMOSA,EL RECREO
FORMOSA,FORTIN SARGENTO 1º LEYES
FORMOSA,PIRANE
FORMOSA,VILLA GENERAL GUEMES
FORMOSA,VILLA GENERAL MANUEL BELGRANO
FORMOSA,COLONIA CAMPO VILLAFANE
FORMOSA,PALO SANTO
FORMOSA,VILLA KILOMETRO 213
ENTRE RIOS,LUCAS GONZALEZ
ENTRE RIOS,ALTAMIRANO SUR
ENTRE RIOS,DURAZNO
ENTRE RIOS,GOBERNADOR ECHAGUE
ENTRE RIOS,GOBERNADOR SOLA
ENTRE RIOS,GUARDAMONTE
ENTRE RIOS,LAS GUACHAS
ENTRE RIOS,MACIA
ENTRE RIOS,ROSARIO DEL TALA
ENTRE RIOS,BASAVILBASO
ENTRE RIOS,LAS MOSCAS
ENTRE RIOS,LIBAROS
ENTRE RIOS,ROCAMORA
ENTRE RIOS,SANTA ANITA
ENTRE RIOS,VILLA MANTERO
ENTRE RIOS,VILLA SAN MARCIAL (EST. GOBERNADOR URQUIZA)
ENTRE RIOS,ESTACION RAICES
ENTRE RIOS,INGENIERO MIGUEL SAJAROFF
ENTRE RIOS,PASO DE LA LAGUNA
ENTRE RIOS,VILLA CLARA
ENTRE RIOS,VILLA DOMINGUEZ
ENTRE RIOS,VILLAGUAY
CORDOBA,LA PARA
CORDOBA,VILLA FONTANA
CORDOBA,ALTOS DE CHIPION
CORDOBA,ARROYITO
CORDOBA,BALNEARIA
CORDOBA,BRINKMANN
CORDOBA,COLONIA ANITA
CORDOBA,COLONIA LAS PICHANAS
CORDOBA,COLONIA MARINA
CORDOBA,COLONIA PROSPERIDAD
CORDOBA,COLONIA SAN BARTOLOME
CORDOBA,COLONIA SAN PEDRO
CORDOBA,COLONIA SANTA MARIA
CORDOBA,COLONIA VALTELINA
CORDOBA,COLONIA VIGNAUD
CORDOBA,DEVOTO
CORDOBA,EL ARANADO
CORDOBA,EL FUERTECITO
CORDOBA,EL TIO
CORDOBA,ESTACION LUXARDO
CORDOBA,COLONIA ITURRASPE
CORDOBA,FREYRE
CORDOBA,LA FRANCIA
CORDOBA,LA PAQUITA
CORDOBA,LA TORDILLA
CORDOBA,MARULL
CORDOBA,MORTEROS
CORDOBA,PLAZA LUXARDO
CORDOBA,PLAZA SAN FRANCISCO
CORDOBA,PORTENA
CORDOBA,QUEBRACHO HERRADO
CORDOBA,SACANTA
CORDOBA,SAN FRANCISCO
CORDOBA,SATURNINO MARIA LASPIUR
CORDOBA,SEEBER
CORDOBA,TORO PUJIO
CORDOBA,VILLA CONCEPCION DEL TIO
CORDOBA,VILLA SAN ESTEBAN
SANTA FE,COLONIA RAQUEL
SANTA FE,VILLA SAN JOSE
SANTA FE,ZENON PEREYRA
SANTA FE,ESTACION SAGUIER
SANTA FE,EUSTOLIA
SANTA FE,GARIBALDI
SANTA FE,ATALIVA
SANTA FE,BELLA ITALIA
SANTA FE,VILA
SANTA FE,ESMERALDA
SANTA FE,TACURAL
SANTA FE,JOSEFINA
SANTA FE,MARIA JUANA
SANTA FE,PLAZA CLUCELLAS
SANTA FE,SAN ANTONIO
SANTA FE,SUSANA
SANTA FE,VILLA JOSEFINA
SANTA FE,VIRGINIA
SANTA FE,LEHMANN
SANTA FE,RAFAELA
SANTA FE,RAMONA
SANTA FE,SAN VICENTE
SANTA FE,PUEBLO MARINI
SANTA FE,NUEVA LEHMANN
SANTA FE,PRESIDENTE ROCA
SANTA FE,HUMBERTO PRIMO
SANTA FE,CASTELLANOS
SANTA FE,EUSEBIA Y CAROLINA
SANTA FE,FRONTERA
SANTA FE,EGUSQUIZA
SANTA FE,COLONIA BICHA
SANTA FE,ESTACION CLUCELLAS
SANTA FE,COLONIA CELLO
SANTA FE,CORONEL FRAGA
SANTA FE,COLONIA MARGARITA
SANTA FE,BAUER Y SIGEL
SANTA FE,ALDAO
SANTA FE,ANGELICA
SANTA FE,BARRIOS ACAPULCO Y VERACRUZ
SANTA FE,AURELIA
SANTA FE,PLAZA SAGUIER
SANTA FE,SUNCHALES
SANTA FE,SANTA CLARA DE SAGUIER
SANTA FE,SA PEREYRA
SANTA FE,PILAR
SANTA FE,SAN JERONIMO DEL SAUCE
SANTA FE,NUEVO TORINO
SANTA FE,SAN MARIANO
SANTA FE,SANTA CLARA DE BUENA VISTA
SANTA FE,FELICIA
SANTA FE,SARMIENTO
SANTA FE,MOISES VILLE
SANTA FE,PALACIOS
SANTA FE,CRISPI
SANTA FE,SASTRE
SANTA FE,CASTELAR
ENTRE RIOS,ALDEA BRASILERA
ENTRE RIOS,ALDEA GRAPSCHENTAL
ENTRE RIOS,ALDEA PROTESTANTE
ENTRE RIOS,ALDEA SALTO
ENTRE RIOS,ALDEA SAN FRANCISCO
ENTRE RIOS,ALDEA SPATZENKUTTER
ENTRE RIOS,ALDEA VALLE MARIA
ENTRE RIOS,COLONIA ENSAYO
ENTRE RIOS,DIAMANTE
ENTRE RIOS,ESTACION CAMPS
ENTRE RIOS,GENERAL ALVEAR
ENTRE RIOS,GENERAL RACEDO (EL CARMEN)
ENTRE RIOS,GENERAL RAMIREZ
ENTRE RIOS,LA JUANITA
ENTRE RIOS,LAS JAULAS
ENTRE RIOS,PARAJE LA VIRGEN
ENTRE RIOS,PUERTO LAS CUEVAS
ENTRE RIOS,VILLA LIBERTADOR SAN MARTIN
ENTRE RIOS,ARANGUREN
ENTRE RIOS,BETBEDER
ENTRE RIOS,DON CRISTOBAL
ENTRE RIOS,FEBRE
ENTRE RIOS,HERNANDEZ
ENTRE RIOS,NOGOYA
ENTRE RIOS,XX DE SETIEMBRE
ENTRE RIOS,ALDEA MARIA LUISA
ENTRE RIOS,ALDEA SAN RAFAEL
ENTRE RIOS,ALDEA SANTA ROSA
ENTRE RIOS,COLONIA AVELLANEDA
ENTRE RIOS,COLONIA CRESPO
ENTRE RIOS,CRESPO
ENTRE RIOS,EL PALENQUE
ENTRE RIOS,EL RAMBLON
ENTRE RIOS,LA PICADA
ENTRE RIOS,LAS TUNAS
ENTRE RIOS,MARIA GRANDE
ENTRE RIOS,ORO VERDE
ENTRE RIOS,PARANA
ENTRE RIOS,SAN BENITO
ENTRE RIOS,SAUCE MONTRULL
ENTRE RIOS,SAUCE PINTO
ENTRE RIOS,SEGUI
ENTRE RIOS,SOSA
ENTRE RIOS,TABOSSI
ENTRE RIOS,TEZANOS PINTO
ENTRE RIOS,VIALE
ENTRE RIOS,VILLA FONTANA
ENTRE RIOS,VILLA GDOR. LUIS F. ETCHEVEHERE
ENTRE RIOS,VILLA URQUIZA
ENTRE RIOS,ANTELO
ENTRE RIOS,MOLINO DOLL
ENTRE RIOS,VICTORIA
SANTA FE,SERODINO
SANTA FE,VILLA LA RIVERA (OLIVEROS)
SANTA FE,VILLA LA RIVERA (PUEBLO ANDINO)
SANTA FE,PUEBLO ANDINO
SANTA FE,SALTO GRANDE
SANTA FE,CARRIZALES
SANTA FE,OLIVEROS
BUENOS AIRES,SANTO DOMINGO
BUENOS AIRES,CORONEL VIDAL
SANTA FE,LUCIO V. LOPEZ
SANTA FE,SANTA FE
SANTA FE,SANTO TOME
SANTA FE,SAUCE VIEJO
SANTA FE,SAN CARLOS NORTE
SANTA FE,PLAZA MATILDE
SANTA FE,SAN AGUSTIN
SANTA FE,SAN CARLOS SUD
SANTA FE,SAN CARLOS CENTRO
SANTA FE,MATILDE
SANTA FE,GRANADERO BAIGORRIA
SANTA FE,IBARLUCEA
SANTA FE,FUNES
SANTA FE,GALVEZ
SANTA FE,GESSLER
SANTA FE,PUERTO ARAGON
SANTA FE,MONJE
SANTA FE,LARRECHEA
SANTA FE,SAN EUGENIO
SANTA FE,CORONDA
SANTA FE,SAN GENARO
SANTA FE,MACIEL
SANTA FE,DESVIO ARIJON
SANTA FE,BERNARDO DE IRIGOYEN
SANTA FE,AROCENA
SANTA FE,BALNEARIO MONJE
SANTA FE,CENTENO
SANTA FE,LOPEZ
SANTA FE,BARRIO EL PACAA - BARRIO COMIPINI
SANTA FE,LOMA ALTA
SANTA FE,BARRIO CAIMA
SANTA FE,IRIGOYEN
SANTA FE,BARRANCAS
SANTA FE,DIAZ
SANTA FE,CASALEGNO
SANTA FE,SAN FABIAN
SANTA FE,GABOTO
SANTA FE,SAN JERONIMO SUD
SANTA FE,SAN LORENZO
SANTA FE,VILLA ELVIRA
SANTA FE,RICARDONE
SANTA FE,CAPITAN BERMUDEZ
SANTA FE,TIMBUES
SANTA FE,PUERTO GENERAL SAN MARTIN
SANTA FE,FRAY LUIS BELTRAN
SANTA FE,ROLDAN
SANTA FE,LUIS PALACIOS
SANTA FE,COLONIA BELGRANO
SANTA FE,WILDERMUTH
BUENOS AIRES,BAJO HONDO
BUENOS AIRES,PUNTA ALTA
BUENOS AIRES,APARICIO
BUENOS AIRES,CORONEL DORREGO
BUENOS AIRES,EL PERDIDO
BUENOS AIRES,FARO
BUENOS AIRES,IRENE
BUENOS AIRES,ORIENTE
BUENOS AIRES,PARAJE LA RUTA
BUENOS AIRES,COUNTRY LOS MEDANOS
BUENOS AIRES,JUAN COUSTE
LA PAMPA,ANZOATEGUI
RIO NEGRO,BARRIO ESPERANZA
RIO NEGRO,COLONIA JULIA Y ECHARREN
RIO NEGRO,JUVENTUD UNIDA
CHUBUT,ASTRA
CHUBUT,BAHIA BUSTAMANTE
CHUBUT,COMODORO RIVADAVIA
CHUBUT,RADA TILLY
CHUBUT,DIQUE FLORENTINO AMEGHINO
CHUBUT,DOLAVON
CHUBUT,28 DE JULIO
CHUBUT,EL ESCORIAL
CHUBUT,EL MIRASOL
CHUBUT,LAS PLUMAS
CHUBUT,LOS ALTARES
CHUBUT,PASO DE INDIOS
CHUBUT,SARMIENTO
SANTA CRUZ,COMANDANTE LUIS PIEDRABUENA
SANTA CRUZ,PUERTO SANTA CRUZ
SANTA CRUZ,JARAMILLO
SANTA CRUZ,CANADON SECO
SANTA CRUZ,LAS HERAS
SANTA CRUZ,PUERTO DESEADO
SANTA CRUZ,PICO TRUNCADO
SANTA CRUZ,TELLIER
SANTA CRUZ,KOLUEL KAIKE
SANTA CRUZ,CALETA OLIVIA
SANTA CRUZ,FITZ ROY
SANTA CRUZ,RIO GALLEGOS
SANTA CRUZ,PUERTO SAN JULIAN
SANTA CRUZ,GOBERNADOR GREGORES
BUENOS AIRES,SAN NICOLAS DE LOS ARROYOS
SANTA FE,BARRIO MITRE
SANTA FE,LA VANGUARDIA
SANTA FE,EMPALME VILLA CONSTITUCION
SANTA FE,GODOY
SANTA FE,PAVON
SANTA FE,BARRIO ARROYO DEL MEDIO
SANTA FE,THEOBALD
SANTA FE,VILLA CONSTITUCION
SANTA FE,RUEDA
SANTA FE,PAVON ARRIBA
SANTA FE,PUEBLO ESTHER
SANTA FE,ARROYO SECO
SANTA FE,LOS MUCHACHOS - LA ALBORADA
SANTA FE,VILLA AMELIA
SANTA FE,VILLA DEL PLATA
SANTA FE,ARBILLA
SANTA FE,ALVAREZ
SANTA FE,ALVEAR
SANTA FE,EL CARAMELO
SANTA FE,CARMEN DEL SAUCE
SANTA FE,ALBARELLOS
SANTA FE,PUEBLO MUNOZ
SANTA FE,ARMINDA
SANTA FE,MONTE FLORES
SANTA FE,ACEBAL
SANTA FE,PUERTO ARROYO SECO
SANTA FE,FIGHIERA
SANTA FE,PINERO
SANTA FE,CORONEL RODOLFO S. DOMINGUEZ
SANTA FE,PEREZ
SANTA FE,KILOMETRO 101
SANTA FE,SOLDINI
SANTA FE,PUEBLO URANGA
SANTA FE,ZAVALLA
SANTA FE,CORONEL BOGADO
SANTA FE,CUATRO ESQUINAS
SANTA FE,GENERAL LAGOS
SANTA FE,ROSARIO
SANTA FE,VILLA GOBERNADOR GALVEZ
SANTA FE,VILLA MUGUETA
SANTA FE,PUJATO
SANTA FE,CORONEL ARNOLD
SANTA FE,FUENTES
CORDOBA,PASO VIEJO
CORDOBA,SERREZUELA
CORDOBA,TUCLAME
CORDOBA,LA PLAYA
CORDOBA,CIENAGA DEL CORO
CORDOBA,EL CHACHO
CORDOBA,ESTANCIA DE GUADALUPE
CORDOBA,GUASAPAMPA
CORDOBA,TALAINI
CORDOBA,TOSNO
CORDOBA,CHANCANI
CORDOBA,LAS PALMAS
CORDOBA,VILLA DE POCHO
CORDOBA,SAN MARTIN
CORDOBA,SAN VICENTE
CORDOBA,LOS CERRILLOS
CORDOBA,SAN JOSE
CORDOBA,VILLA DOLORES
LA RIOJA,CASTRO BARROS
SAN LUIS,LOS CAJONES
SAN LUIS,LAFINUR
SAN LUIS,TALITA
SAN LUIS,SANTA ROSA DEL CONLARA
SAN LUIS,LAS AGUADAS
ENTRE RIOS,CONSCRIPTO BERNARDI
ENTRE RIOS,ALDEA SAN ISIDRO (EL CIMARRON)
ENTRE RIOS,FEDERAL
ENTRE RIOS,SAUCE DE LUNA
ENTRE RIOS,SAN VICTOR
ENTRE RIOS,ALCARAZ
ENTRE RIOS,BOVRIL
ENTRE RIOS,COLONIA AVIGDOR
ENTRE RIOS,EL SOLAR
ENTRE RIOS,LA PAZ
ENTRE RIOS,PIEDRAS BLANCAS
ENTRE RIOS,SAN GUSTAVO
ENTRE RIOS,SANTA ELENA
ENTRE RIOS,SIR LEONARD
ENTRE RIOS,ALDEA SANTA MARIA
ENTRE RIOS,CERRITO
ENTRE RIOS,EL PINGO
ENTRE RIOS,HASENKAMP
ENTRE RIOS,HERNANDARIAS
ENTRE RIOS,PUEBLO BELLOCQ (LAS GARZAS)
ENTRE RIOS,PUEBLO BRUGO
ENTRE RIOS,PUEBLO GENERAL SAN MARTIN
SANTA FE,HELVECIA
SANTA FE,SANTA ROSA DE CALCHINES
SANTA FE,CAYASTA
SANTA FE,LOS ZAPALLOS
SANTA FE,SALADERO MARIANO CABAL
SANTA FE,ARROYO LEYES
SANTA FE,PARAJE CHACO CHICO
SANTA FE,LAGUNA PAIVA
SANTA FE,CAMPO ANDINO
SANTA FE,NELSON
SANTA FE,LLAMBI CAMPBELL
SANTA FE,ANGEL GALLARDO
SANTA FE,EMILIA
SANTA FE,RINCON POTRERO
SANTA FE,SAN JOSE DEL RINCON
SANTA FE,VILLA LAURA
SANTA FE,RECREO
SANTA FE,ARROYO AGUIAR
SANTA FE,MONTE VERA
SANTA FE,PARAJE LA COSTA
SANTA FE,CANDIOTI
SANTA FE,CABAL
SANTA FE,EMPALME SAN CARLOS
SANTA FE,ESPERANZA
SANTA FE,GRUTLY
SANTA FE,CAVOUR
SANTA FE,LAS TUNAS
SANTA FE,HUMBOLDT
SANTA FE,MARIA LUISA
SANTA FE,PROVIDENCIA
SANTA FE,JACINTO L. ARAUZ
SANTA FE,SANTO DOMINGO
SANTA FE,CULULU
SANTA FE,PROGRESO
SANTA FE,LA PELADA
SANTA FE,SAN JERONIMO NORTE
SANTA FE,FRANCK
SANTA FE,HIPATIA
SANTA FE,ELISA
SANTA FE,VILLA SARALEGUI
SANTA FE,SOLEDAD
SANTA FE,SAN JAVIER
SANTA FE,CACIQUE ARIACAIQUIN
SANTA FE,LA BRAVA
SANTA FE,RAMAYON
SANTA FE,SILVA
SANTA FE,SAN JUSTO
SANTA FE,ESTHER
SANTA FE,MARCELINO ESCALADA
SANTA FE,ANGELONI
SANTA FE,NARE
SANTA FE,VIDELA
SANTA FE,CAYASTACITO
SANTA FE,BOUQUET
CORDOBA,ARROYO ALGODON
CORDOBA,LA PLAYOSA
CORDOBA,SILVIO PELLICO
CORDOBA,SAIRA
CORDOBA,CARRILOBO
CORDOBA,POZO DEL MOLLE
CORDOBA,ALICIA
CORDOBA,EL FORTIN
CORDOBA,LAS VARAS
CORDOBA,LAS VARILLAS
CORDOBA,ALTO ALEGRE
CORDOBA,ANA ZUMARAN
CORDOBA,CHILIBROSTE
CORDOBA,CINTRA
CORDOBA,NOETINGER
CORDOBA,SAN ANTONIO DE LITIN
SANTA FE,LANDETA
SANTA FE,TRAILL
SANTA FE,PIAMONTE
SANTA FE,LAS PETACAS
SANTA FE,LAS BANDURRIAS
SANTA FE,SAN MARTIN DE LAS ESCOBAS
SANTA FE,LOS CARDOS
SANTA FE,CANADA ROSQUIN
SANTA FE,CASAS
SANTA FE,MARIA SUSANA
SANTA FE,EL TREBOL
SANTA FE,SAN JORGE
SANTA FE,CARLOS PELLEGRINI
CHUBUT,BUENOS AIRES CHICO
CHUBUT,CHOLILA
CHUBUT,COSTA DEL CHUBUT
CHUBUT,CUSHAMEN CENTRO
CHUBUT,EL HOYO
CHUBUT,EL MAITEN
CHUBUT,EPUYEN
CHUBUT,FOFO CAHUEL
CHUBUT,GUALJAINA
CHUBUT,LAGO EPUYEN
CHUBUT,LAGO PUELO
CHUBUT,LELEQUE
CHUBUT,ALDEA ESCOLAR (LOS RAPIDOS)
CHUBUT,CORCOVADO
CHUBUT,ESQUEL
CHUBUT,LAGO ROSARIO
CHUBUT,LOS CIPRESES
CHUBUT,TREVELIN
CHUBUT,VILLA FUTALAUFQUEN
CHUBUT,BLANCUNTRE
CHUBUT,GASTRE
CHUBUT,LAGUNITA SALADA
CHUBUT,YALA LAUBAT
CHUBUT,ALDEA EPULEF
CHUBUT,CARRENLEUFU
CHUBUT,COLAN CONHUE
CHUBUT,PASO DEL SAPO
CHUBUT,TECKA
CHUBUT,CERRO CONDOR
NEUQUEN,VILLA LA ANGOSTURA
RIO NEGRO,COLONIA SUIZA
RIO NEGRO,EL FOYEL
RIO NEGRO,MALLIN AHOGADO
RIO NEGRO,RIO VILLEGAS
RIO NEGRO,SAN CARLOS DE BARILOCHE
RIO NEGRO,VILLA MASCARDI
RIO NEGRO,VILLA CATEDRAL
RIO NEGRO,EL BOLSON
RIO NEGRO,MAMUEL CHOIQUE
RIO NEGRO,RIO CHICO
RIO NEGRO,NORQUINCO
RIO NEGRO,OJOS DE AGUA
RIO NEGRO,LAS BAYAS
RIO NEGRO,LAGUNA BLANCA
RIO NEGRO,VILLA LLANQUIN
RIO NEGRO,DINA HUAPI
RIO NEGRO,CANADON CHILENO
RIO NEGRO,COMALLO
RIO NEGRO,NIRIHUAU
RIO NEGRO,PILCANIYEU
RIO NEGRO,PILQUINIYEU DEL LIMAY
RIO NEGRO,COLAN CONHUE
RIO NEGRO,CLEMENTE ONELLI
RIO NEGRO,INGENIERO JACOBACCI
RIO NEGRO,MAQUINCHAO
BUENOS AIRES,ROJAS
BUENOS AIRES,IRINEO PORTELA
BUENOS AIRES,SANTA COLOMA
BUENOS AIRES,ARRECIFES
BUENOS AIRES,VINA
BUENOS AIRES,CAPITAN SARMIENTO
BUENOS AIRES,LA LUISA
BUENOS AIRES,CARMEN DE ARECO
BUENOS AIRES,PUEBLO GOUIN
BUENOS AIRES,TRES SARGENTOS
BUENOS AIRES,VILLA MANUEL POMAR
BUENOS AIRES,PEARSON
BUENOS AIRES,CASTILLA
BUENOS AIRES,CHACABUCO
BUENOS AIRES,LOS ANGELES
BUENOS AIRES,O'HIGGINS
BUENOS AIRES,RAWSON
BUENOS AIRES,LA ANGELITA
BUENOS AIRES,AGUSTIN ROCA
BUENOS AIRES,PARAJE LA AGRARIA
BUENOS AIRES,ACEVEDO
BUENOS AIRES,FONTEZUELA
BUENOS AIRES,GUERRICO
BUENOS AIRES,JUAN A. DE LA PENA
BUENOS AIRES,JUAN ANCHORENA
BUENOS AIRES,LA VIOLETA
BUENOS AIRES,MANUEL OCAMPO
BUENOS AIRES,MARIANO BENITEZ
BUENOS AIRES,MARIANO H. ALFONZO
BUENOS AIRES,PERGAMINO
BUENOS AIRES,PINZON
BUENOS AIRES,RANCAGUA
BUENOS AIRES,VILLA ANGELICA
BUENOS AIRES,VILLA SAN JOSE
BUENOS AIRES,TAMANGUEYU
BUENOS AIRES,MAR CHIQUITA
BUENOS AIRES,16 DE JULIO
BUENOS AIRES,EL PARAISO
BUENOS AIRES,LAS BAHAMAS
BUENOS AIRES,PEREZ MILLAN
BUENOS AIRES,RAMALLO
BUENOS AIRES,VILLA GENERAL SAVIO
BUENOS AIRES,LA BEBA
BUENOS AIRES,LAS CARABELAS
BUENOS AIRES,LOS INDIOS
BUENOS AIRES,RAFAEL OBLIGADO
BUENOS AIRES,ROBERTO CANO
BUENOS AIRES,SOL DE MAYO
BUENOS AIRES,OBLIGADO
BUENOS AIRES,ARROYO DULCE
BUENOS AIRES,BERDIER
BUENOS AIRES,GAHAN
BUENOS AIRES,INES INDART
BUENOS AIRES,LA INVENCIBLE
BUENOS AIRES,SALTO
BUENOS AIRES,FRANKLIN
BUENOS AIRES,DUGGAN
BUENOS AIRES,CONESA
BUENOS AIRES,EREZCANO
BUENOS AIRES,GENERAL ROJO
BUENOS AIRES,VILLA ESPERANZA
BUENOS AIRES,GOBERNADOR CASTRO
BUENOS AIRES,INGENIERO MONETA
BUENOS AIRES,PUEBLO DOYLE
BUENOS AIRES,RIO TALA
BUENOS AIRES,SAN PEDRO
BUENOS AIRES,SANTA LUCIA
BUENOS AIRES,GENERAL RIVAS
SANTA FE,MAXIMO PAZ
SANTA FE,JUAN B. MOLINA
SANTA FE,CANADA RICA
SANTA FE,GENERAL GELLY
SANTA FE,PEYRANO
SANTA FE,CEPEDA
SANTA FE,STEPHENSON
SANTA FE,SARGENTO CABRAL
SANTA FE,SANTA TERESA
CORRIENTES,BELLA VISTA
SANTA FE,LA SARITA
SANTA FE,LOS LAURELES
SANTA FE,AVELLANEDA
SANTA FE,EL ARAZA
SANTA FE,RECONQUISTA
SANTA FE,SAN ANTONIO DE OBLIGADO
SANTA FE,ARROYO CEIBAL
SANTA FE,GUADALUPE NORTE
SANTA FE,INGENIERO CHANOURDIE
SANTA FE,LANTERI
SANTA FE,TACUARENDI
SANTA FE,LA ISLETA
SANTA FE,MALABRIGO
SANTA FE,PARAJE SAN MANUEL
SANTA FE,VILLA ANA
SANTA FE,LAS TOSCAS
SANTA FE,VILLA OCAMPO
SANTA FE,LAS GARZAS
SANTA FE,BERNA
SANTA FE,PUERTO RECONQUISTA
SANTA FE,TOBA
SANTA FE,FORTIN OLMOS
SANTA FE,INTIYACO
SANTA FE,PUEBLO SANTA LUCIA
SANTA FE,POZO DE LOS INDIOS
SANTA FE,TARTAGAL
SANTA FE,GARABATO
SANTA FE,KILOMETRO 115
SANTA FE,COLMENA
SANTA FE,CANADA OMBU
SANTA FE,GOLONDRINA
SANTA FE,PARAJE 29
CORRIENTES,ESQUINA
CORRIENTES,PUEBLO LIBERTADOR
CORRIENTES,SAUCE
ENTRE RIOS,SAN JOSE DE FELICIANO
SANTA FE,ROMANG
SANTA FE,ALEJANDRA
SANTA FE,COLONIA DURAN
SANTA FE,PEDRO GOMEZ CELLO
SANTA FE,SAN MARTIN NORTE
SANTA FE,GOBERNADOR CRESPO
SANTA FE,COLONIA DOLORES
SANTA FE,VERA Y PINTADO
SANTA FE,LA PENCA Y CARAGUATA
SANTA FE,LA CRIOLLA
SANTA FE,LA GALLARETA
SANTA FE,CALCHAQUI
SANTA FE,VERA
SANTA FE,MARGARITA
BUENOS AIRES,BARADERO
BUENOS AIRES,VILLA ALSINA
BUENOS AIRES,AZCUENAGA
BUENOS AIRES,SAN ANTONIO DE ARECO
BUENOS AIRES,VILLA LIA
CHACO,LA ESCONDIDA
BUENOS AIRES,AYACUCHO
BUENOS AIRES,LA CONSTANCIA
BUENOS AIRES,SOLANET
BUENOS AIRES,UDAQUIOLA
BUENOS AIRES,NAPALEOFU
BUENOS AIRES,RAMOS OTERO
BUENOS AIRES,VILLA LAGUNA LA BRAVA
BUENOS AIRES,MIRAMAR
BUENOS AIRES,GENERAL JUAN MADARIAGA
BUENOS AIRES,GENERAL LAVALLE
BUENOS AIRES,BARRIO EL BOQUERON
BUENOS AIRES,BARRIO SANTA PAULA
BUENOS AIRES,CHAPADMALAL
BUENOS AIRES,MAR DEL PLATA
BUENOS AIRES,SAN CLEMENTE DEL TUYU
BUENOS AIRES,SANTA TERESITA - MAR DEL TUYU
BUENOS AIRES,ARENAS VERDES
BUENOS AIRES,MAIPU
CORDOBA,ASSUNTA
CORDOBA,CARNERILLO
BUENOS AIRES,PONTAUT
ENTRE RIOS,LA CLARITA
FORMOSA,SAN MARTIN II
LA RIOJA,LOMA BLANCA
LA PAMPA,SANTA ISABEL
BUENOS AIRES,CARHUE
CORDOBA,OLAETA
NEUQUEN,ZAPALA
MISIONES,TARUMA
MISIONES,CARAGUATAY
MISIONES,BARRIO ESCUELA 633
MISIONES,CAMPO RAMON
MISIONES,CAMPO VIERA
MISIONES,GENERAL ALVEAR
MISIONES,LOS HELECHOS
MISIONES,OBERA
CORDOBA,ASCOCHINGA
CORDOBA,ALEJANDRO ROCA
CHUBUT,GARAYALDE
CORDOBA,AUSONIA
CORDOBA,MALLIN
CHACO,SAMUHU
NEUQUEN,ALUMINE
MISIONES,CORPUS
TUCUMAN,GARMENDIA
LA PAMPA,DOBLAS
CORDOBA,MIRAMAR
SAN LUIS,MOSMOTA
SANTIAGO DEL ESTERO,SACHAYOJ
CHACO,LA VERDE
TUCUMAN,MANUEL GARCIA FERNANDEZ
TUCUMAN,LULES
TUCUMAN,INGENIO SAN PABLO
TUCUMAN,BARRIO SAN FELIPE
TUCUMAN,LA REDUCCION
TUCUMAN,EL MANANTIAL
TUCUMAN,SIMOCA
TUCUMAN,VILLA MARIANO MORENO - EL COLMENAR
TUCUMAN,YERBA BUENA - MARCOS PAZ
TUCUMAN,TENIENTE BERDINA
TUCUMAN,TAFI DEL VALLE
TUCUMAN,EL MOLLAR
TUCUMAN,COLALAO DEL VALLE
TUCUMAN,AMAICHA DEL VALLE
TUCUMAN,SANTA CRUZ
TUCUMAN,NUEVA TRINIDAD
"TIERRA DEL FUEGO, ANTARTIDA E ISLAS DEL ATLANTICO SUR",PUERTO ARGENTINO
TUCUMAN,BARRIO MUTUAL SAN MARTIN
TUCUMAN,EL CADILLAL
TUCUMAN,TAFI VIEJO
TUCUMAN,VILLA DE TRANCAS
TUCUMAN,SAN PEDRO DE COLALAO
TUCUMAN,CHOROMORO
CHACO,LAPACHITO
CHACO,MAKALLE
CHACO,COLONIA POPULAR
CHACO,ESTACION GENERAL OBLIGADO
CHACO,LAGUNA BLANCA
CHACO,PUERTO TIROL
CHACO,CIERVO PETISO
CHACO,GENERAL JOSE DE SAN MARTIN
CHACO,LA EDUVIGIS
CHACO,LAGUNA LIMPIA
CHACO,PAMPA ALMIRON
CHACO,SELVAS DEL RIO DE ORO
CHACO,PRESIDENCIA DE LA PLAZA
CHACO,COLONIA BENITEZ
CHACO,MARGARITA BELEN
CHACO,BARRANQUERAS
CHACO,BASAIL
CHACO,COLONIA BARANDA
CHACO,FONTANA
CHACO,PUERTO VILELAS
CHACO,RESISTENCIA
CHACO,CAPITAN SOLARI
CHACO,COLONIA ELISA
CHACO,COLONIAS UNIDAS
CHACO,INGENIERO BARBET
CHACO,LAS GARCITAS
CHACO,CHARADAI
CHACO,COTE LAI
CHACO,HORQUILLA
CHACO,LA SABANA
CHACO,MACHAGAI
FORMOSA,EL COLORADO
SANTA FE,FLORENCIA
SANTA FE,EL RABON
SANTA FE,VILLA GUILLERMINA
SANTA FE,LOS AMORES
CHUBUT,DOCTOR OSCAR ATILIO VIGLIONE (FRONTERA DE RIO PICO)
CHUBUT,GOBERNADOR COSTA
CHUBUT,JOSE DE SAN MARTIN
CHUBUT,RIO PICO
SANTA CRUZ,EL TURBIO
SANTA CRUZ,YACIMIENTOS RIO TURBIO
SANTA CRUZ,28 DE NOVIEMBRE
SANTA CRUZ,JULIA DUFOUR
SANTA CRUZ,ROSPENTEK
SANTA CRUZ,EL CHALTEN
SANTA CRUZ,EL CALAFATE
SANTA CRUZ,TRES LAGOS
SANTA CRUZ,LOS ANTIGUOS
SANTA CRUZ,PERITO MORENO
SANTA CRUZ,BAJO CARACOLES
SANTA CRUZ,HIPOLITO YRIGOYEN
MENDOZA,LAS CUEVAS
MENDOZA,LAS HERAS
MENDOZA,LOS PENITENTES
MENDOZA,POLVAREDAS
MENDOZA,PUNTA DE VACAS
MENDOZA,USPALLATA
MENDOZA,PUENTE DEL INCA
MENDOZA,JOCOLI
MENDOZA,BARRIO LA PALMERA
MENDOZA,EL PARAMILLO
MENDOZA,EL VERGEL
MENDOZA,JOCOLI VIEJO
MENDOZA,BARRIO LAGUNAS DE BARTOLUZZI
MENDOZA,AGRELO
MENDOZA,CACHEUTA
MENDOZA,EL CARRIZAL
MENDOZA,EL SALTO
MENDOZA,LAS VEGAS
MENDOZA,POTRERILLOS
MENDOZA,LAS COMPUERTAS
MENDOZA,BARRIO JESUS DE NAZARET
MENDOZA,EL PEDREGAL
MENDOZA,FRAY LUIS BELTRAN
MENDOZA,MAIPU
MENDOZA,CRUZ DE PIEDRA
MENDOZA,BARRIO RIVADAVIA
MENDOZA,EL MIRADOR
MENDOZA,LA ESPERANZA
MENDOZA,LA FLORIDA
MENDOZA,LA LIBERTAD
MENDOZA,LOS ARBOLES
MENDOZA,MUNDO NUEVO
MENDOZA,LA CENTRAL
MENDOZA,BARRIO LA ESTACION
MENDOZA,EL ESPINO
MENDOZA,NUEVA CALIFORNIA
MENDOZA,TRES PORTENAS
MENDOZA,BARRIO MARIA AUXILIADORA
MENDOZA,CORDON DEL PLATA
MENDOZA,LA ARBOLEDA
MENDOZA,EL PERAL
MENDOZA,TUPUNGATO
SAN LUIS,LEANDRO N. ALEM
SAN LUIS,SAN FRANCISCO DEL MONTE DE ORO
SAN LUIS,QUINES
SAN LUIS,LUJAN
SAN LUIS,VILLA GENERAL ROCA
SAN LUIS,CAROLINA
SAN LUIS,RIOCITO
SAN LUIS,FRAGA
SAN LUIS,SALINAS DEL BEBEDERO
SAN LUIS,JARILLA
SAN LUIS,SAN LUIS
SAN LUIS,DESAGUADERO
SAN LUIS,SAN JERONIMO
SAN LUIS,CHOSMES
SAN LUIS,EL VOLCAN
SAN LUIS,JUANA KOSLAY
SAN LUIS,BALDE
SAN LUIS,VILLA DE PRAGA
SAN LUIS,POTRERILLO
SAN LUIS,SAN MARTIN
SAN LUIS,LA VERTIENTE
SAN LUIS,LAS LAGUNAS
SAN LUIS,LAS CHACRAS
CORDOBA,ACHIRAS
CORDOBA,BULNES
CORDOBA,CHAJAN
CORDOBA,LA CAROLINA
CORDOBA,LA GILDA
CORDOBA,LAS HIGUERAS
CORDOBA,LAS VERTIENTES
CORDOBA,MALENA
CORDOBA,RIO CUARTO
CORDOBA,SAMPACHO
CORDOBA,SAN BASILIO
CORDOBA,SANTA CATALINA HOLMBERG
CORDOBA,SUCO
SAN LUIS,NASCHEL
SAN LUIS,TILISARAO
SAN LUIS,VILLA LARCA
SAN LUIS,SAN PABLO
TUCUMAN,ACHERAL
TUCUMAN,SAN MIGUEL DE TUCUMAN
TUCUMAN,PUEBLO INDEPENDENCIA
TUCUMAN,CAPITAN CACERES
TUCUMAN,SOLDADO MALDONADO
TUCUMAN,SARGENTO MOYA
TUCUMAN,RIO SECO
TUCUMAN,VILLA QUINTEROS
TUCUMAN,SANTA LUCIA
TUCUMAN,MONTEROS
TUCUMAN,VILLA CHICLIGASTA
TUCUMAN,MONTEAGUDO
TUCUMAN,ATAHONA
TUCUMAN,LOS SARMIENTOS
TUCUMAN,RIO CHICO
TUCUMAN,VILLA CLODOMIRO HILERET
TUCUMAN,SANTA ANA
TUCUMAN,AGUILARES
SAN LUIS,RENCA
SAN LUIS,JUAN JORBA
SAN LUIS,LA PUNILLA
CORDOBA,LA FLORESTA
MENDOZA,BERMEJO
BUENOS AIRES,VILLA BORDEAU
BUENOS AIRES,BERAZATEGUI OESTE
BUENOS AIRES,CARLOS TOMAS SOURIGUES
BUENOS AIRES,EL PATO
BUENOS AIRES,GUILLERMO ENRIQUE HUDSON
BUENOS AIRES,JUAN MARIA GUTIERREZ
BUENOS AIRES,PEREYRA
BUENOS AIRES,PLATANOS
BUENOS AIRES,RANELAGH
BUENOS AIRES,VILLA ESPANA
BUENOS AIRES,BARRIO BANCO PROVINCIA
BUENOS AIRES,BARRIO EL CARMEN ESTE
BUENOS AIRES,BARRIO UNIVERSITARIO
BUENOS AIRES,LOS TALAS
BUENOS AIRES,VILLA ARGUELLO
BUENOS AIRES,VILLA DOLORES
BUENOS AIRES,VILLA INDEPENDENCIA
BUENOS AIRES,VILLA PORTENA
BUENOS AIRES,VILLA PROGRESO
BUENOS AIRES,VILLA SAN CARLOS
BUENOS AIRES,VILLA ZULA
BUENOS AIRES,BARRIO BELGRANO
BUENOS AIRES,VILLA DEL MAR
BUENOS AIRES,BARRIO SAN CAYETANO
BUENOS AIRES,DIQUE N° 1
BUENOS AIRES,BURZACO
BUENOS AIRES,CLAYPOLE
BUENOS AIRES,DON ORIONE
BUENOS AIRES,GLEW
BUENOS AIRES,JOSE MARMOL
BUENOS AIRES,LONGCHAMPS
BUENOS AIRES,RAFAEL CALZADA
BUENOS AIRES,SAN FRANCISCO SOLANO
BUENOS AIRES,SAN JOSE
BUENOS AIRES,GERLI
BUENOS AIRES,PINEYRO
BUENOS AIRES,SARANDI
BUENOS AIRES,VILLA DOMINICO
BUENOS AIRES,WILDE
BUENOS AIRES,AREA RESERVA CINTURON ECOLOGICO
BUENOS AIRES,CRUCESITA
BUENOS AIRES,DOCK SUD
BUENOS AIRES,GRUNBEIN
BUENOS AIRES,INGENIERO WHITE
BUENOS AIRES,ISLA SANTIAGO
BUENOS AIRES,PUNTA LARA
BUENOS AIRES,VILLA CATELA
BUENOS AIRES,BELEN DE ESCOBAR
BUENOS AIRES,EL CAZADOR
BUENOS AIRES,GARIN
BUENOS AIRES,INGENIERO MASCHWITZ
BUENOS AIRES,MATHEU
BUENOS AIRES,MAQUINISTA F. SAVIO ESTE
BUENOS AIRES,CANNING
BUENOS AIRES,EL JAGUEL
BUENOS AIRES,MINISTRO RIVADAVIA
BUENOS AIRES,ADROGUE
BUENOS AIRES,VILLA ESPORA
BUENOS AIRES,VILLA NUEVA
BUENOS AIRES,LUIS GUILLON
BUENOS AIRES,MONTE GRANDE
BUENOS AIRES,9 DE ABRIL
BUENOS AIRES,PARADA ROBLES
BUENOS AIRES,AEROPUERTO INTERNACIONAL EZEIZA
BUENOS AIRES,CARLOS SPEGAZZINI
BUENOS AIRES,JOSE MARIA EZEIZA
BUENOS AIRES,LA UNION
BUENOS AIRES,TRISTAN SUAREZ
BUENOS AIRES,BOSQUES
BUENOS AIRES,ESTANISLAO SEVERO ZEBALLOS
BUENOS AIRES,SAN JUAN BAUTISTA
BUENOS AIRES,GOBERNADOR JULIO A. COSTA
BUENOS AIRES,INGENIERO JUAN ALLAN
BUENOS AIRES,VILLA BROWN
BUENOS AIRES,VILLA SAN LUIS
BUENOS AIRES,VILLA SANTA ROSA
BUENOS AIRES,VILLA VATTEONE
BUENOS AIRES,EL TROPEZON
BUENOS AIRES,LA CAPILLA
BUENOS AIRES,BARRIO KENNEDY
BUENOS AIRES,CAMET
BUENOS AIRES,ESTACION CAMET
BUENOS AIRES,PUNTA MOGOTES
BUENOS AIRES,BARRIO EL CASAL
JUJUY,SAN JOSE
BUENOS AIRES,BARRIO COLINAS VERDES
BUENOS AIRES,BARRIO EL COYUNCO
BUENOS AIRES,BARRIO GAMBIER
BUENOS AIRES,BARRIO LA GLORIA
BUENOS AIRES,BARRIO MORABO
BUENOS AIRES,BARRIO RUTA 24 KILOMETRO 10
BUENOS AIRES,COUNTRY CLUB BOSQUE REAL
BUENOS AIRES,VILLA YAPEYU
BUENOS AIRES,BARRIO PARQUE GENERAL SAN MARTIN
BUENOS AIRES,EL REMANSO
BUENOS AIRES,BILLINGHURST
BUENOS AIRES,CIUDAD DEL LIBERTADOR GENERAL SAN MARTIN
BUENOS AIRES,CIUDAD JARDIN EL LIBERTADOR
BUENOS AIRES,VILLA AYACUCHO
BUENOS AIRES,VILLA BALLESTER
BUENOS AIRES,VILLA BERNARDO MONTEAGUDO
BUENOS AIRES,DEL VISO
BUENOS AIRES,TORTUGUITAS
BUENOS AIRES,VILLA CHACABUCO
BUENOS AIRES,VILLA CORONEL JOSE M. ZAPIOLA
BUENOS AIRES,VILLA GENERAL ANTONIO J. DE SUCRE
BUENOS AIRES,VILLA GENERAL EUGENIO NECOCHEA
BUENOS AIRES,VILLA GENERAL JOSE TOMAS GUIDO
BUENOS AIRES,VILLA GENERAL JUAN G. LAS HERAS
BUENOS AIRES,VILLA GODOY CRUZ
BUENOS AIRES,VILLA GRANADEROS DE SAN MARTIN
BUENOS AIRES,VILLA GREGORIA MATORRAS
BUENOS AIRES,VILLA JOSE LEON SUAREZ
BUENOS AIRES,VILLA JUAN MARTIN DE PUEYRREDON
BUENOS AIRES,VILLA LIBERTAD
BUENOS AIRES,VILLA LYNCH
BUENOS AIRES,VILLA MAIPU
BUENOS AIRES,VA.MARIA IRENE DE LOS REMEDIOS ESCALADA
BUENOS AIRES,VA.MARQUES ALEJANDRO MARIA DE AGUADO
BUENOS AIRES,VILLA PARQUE PRESIDENTE FIGUEROA ALCORTA
BUENOS AIRES,VILLA PARQUE SAN LORENZO
BUENOS AIRES,VILLA SAN ANDRES
BUENOS AIRES,VILLA SANTOS TESEI
BUENOS AIRES,WILLIAM C. MORRIS
BUENOS AIRES,ITUZAINGO CENTRO
BUENOS AIRES,ITUZAINGO SUR
BUENOS AIRES,MAR DEL TUYU
BUENOS AIRES,SANTA TERESITA
BUENOS AIRES,ALDO BONZI
BUENOS AIRES,CIUDAD EVITA
BUENOS AIRES,GONZALEZ CATAN
BUENOS AIRES,GREGORIO DE LAFERRERE
BUENOS AIRES,ISIDRO CASANOVA
BUENOS AIRES,LA TABLADA
CORDOBA,LAS QUINTAS
BUENOS AIRES,LOMAS DEL MIRADOR
BUENOS AIRES,RAFAEL CASTILLO
BUENOS AIRES,RAMOS MEJIA
BUENOS AIRES,SAN JUSTO
BUENOS AIRES,TAPIALES
BUENOS AIRES,20 DE JUNIO
BUENOS AIRES,VILLA EDUARDO MADERO
BUENOS AIRES,VILLA LUZURIAGA
BUENOS AIRES,VILLA GOBERNADOR UDADONDO
BUENOS AIRES,VIRREY DEL PINO
BUENOS AIRES,LANUS ESTE
BUENOS AIRES,LANUS OESTE
BUENOS AIRES,MONTE CHINGOLO
BUENOS AIRES,REMEDIOS DE ESCALADA DE SAN MARTIN
BUENOS AIRES,VALENTIN ALSINA
BUENOS AIRES,ANGEL ETCHEVERRY
BUENOS AIRES,ARANA
BUENOS AIRES,ARTURO SEGUI
BUENOS AIRES,BARRIO EL CARMEN OESTE
BUENOS AIRES,BARRIO LAS MALVINAS
BUENOS AIRES,BARRIO LAS QUINTAS
BUENOS AIRES,EL RETIRO
BUENOS AIRES,JOAQUIN GORINA
BUENOS AIRES,JOSE HERNANDEZ
BUENOS AIRES,JOSE MELCHOR ROMERO
BUENOS AIRES,LA CUMBRE
BUENOS AIRES,LISANDRO OLMOS
BUENOS AIRES,LOS HORNOS
BUENOS AIRES,RINGUELET
BUENOS AIRES,RUFINO DE ELIZALDE
BUENOS AIRES,TOLOSA
BUENOS AIRES,TRANSRADIO
BUENOS AIRES,VILLA ELISA
BUENOS AIRES,VILLA ELVIRA
BUENOS AIRES,VILLA GARIBALDI
BUENOS AIRES,VILLA MONTORO
BUENOS AIRES,VILLA PARQUE SICARDI
BUENOS AIRES,BANFIELD
BUENOS AIRES,LLAVALLOL
BUENOS AIRES,TEMPERLEY
BUENOS AIRES,TURDERA
BUENOS AIRES,VILLA CENTENARIO
BUENOS AIRES,VILLA FIORITO
BUENOS AIRES,BARRIO LAS CASUARINAS
BUENOS AIRES,CORTINES
BUENOS AIRES,LEZICA Y TORREZURI
BUENOS AIRES,VILLA FLANDRIA NORTE
BUENOS AIRES,VILLA FLANDRIA SUR
BUENOS AIRES,COUNTRY CLUB LAS PRADERAS
BUENOS AIRES,OPEN DOOR
BUENOS AIRES,AREA DE PROMOCION EL TRIANGULO
BUENOS AIRES,GRAND BOURG
BUENOS AIRES,INGENIERO ADOLFO SOURDEAUX
BUENOS AIRES,INGENIERO PABLO NOGUES
BUENOS AIRES,LOS POLVORINES
BUENOS AIRES,ABASTO
BUENOS AIRES,CITY BELL
BUENOS AIRES,VILLA DE MAYO
BUENOS AIRES,LA BALIZA
BUENOS AIRES,LA CALETA
BUENOS AIRES,ATLANTIDA
BUENOS AIRES,CAMET NORTE
BUENOS AIRES,FRENTE MAR
BUENOS AIRES,PLAYA DORADA
BUENOS AIRES,SANTA ELENA
BUENOS AIRES,BARRIO LISANDRO DE LA TORRE Y SANTA MARTA
BUENOS AIRES,LIBERTAD
BUENOS AIRES,MARIANO ACOSTA
BUENOS AIRES,PONTEVEDRA
BUENOS AIRES,SAN ANTONIO DE PADUA
BUENOS AIRES,CUARTEL V
BUENOS AIRES,FRANCISCO ALVAREZ
BUENOS AIRES,LA REJA
BUENOS AIRES,PASO DEL REY
BUENOS AIRES,CASTELAR
BUENOS AIRES,EL PALOMAR
BUENOS AIRES,HAEDO
BUENOS AIRES,VILLA SARMIENTO
BUENOS AIRES,NECOCHEA
BUENOS AIRES,QUEQUEN
BUENOS AIRES,COSTA BONITA
BUENOS AIRES,COLONIA HINOJO
BUENOS AIRES,VILLA ARRIETA
BUENOS AIRES,FATIMA
BUENOS AIRES,LA LONJA
BUENOS AIRES,LOS CACHORROS
BUENOS AIRES,MANZANARES
BUENOS AIRES,MANZONE
BUENOS AIRES,MAQUINISTA F. SAVIO OESTE
BUENOS AIRES,PRESIDENTE DERQUI
BUENOS AIRES,ROBERTO DE VICENZO
BUENOS AIRES,SANTA TERESA
BUENOS AIRES,VILLA ASTOLFI
BUENOS AIRES,VILLA ROSA
BUENOS AIRES,ZELAYA
BUENOS AIRES,TRUJUI
BUENOS AIRES,CARILO
BUENOS AIRES,OSTENDE
BUENOS AIRES,VALERIA DEL MAR
BUENOS AIRES,BARRIO AMERICA UNIDA
BUENOS AIRES,GUERNICA
BUENOS AIRES,BERNAL
BUENOS AIRES,BERNAL OESTE
BUENOS AIRES,DON BOSCO
BUENOS AIRES,EZPELETA
BUENOS AIRES,EZPELETA OESTE
BUENOS AIRES,QUILMES OESTE
BUENOS AIRES,VILLA LA FLORIDA
BUENOS AIRES,BARRIO LAS MARGARITAS
BUENOS AIRES,VILLA PARQUE CECIR
BUENOS AIRES,VICTORIA
BUENOS AIRES,VIRREYES
BUENOS AIRES,ACASUSSO
BUENOS AIRES,BECCAR
BUENOS AIRES,BOULOGNE SUR MER
BUENOS AIRES,MARTINEZ
BUENOS AIRES,VILLA ADELINA
BUENOS AIRES,BELLA VISTA
BUENOS AIRES,CAMPO DE MAYO
BUENOS AIRES,MUNIZ
BUENOS AIRES,CAMPOS SALLES
BUENOS AIRES,ALEJANDRO KORN
BUENOS AIRES,DOMSELAAR
BUENOS AIRES,BENAVIDEZ
BUENOS AIRES,DIQUE LUJAN
BUENOS AIRES,DON TORCUATO ESTE
BUENOS AIRES,DON TORCUATO OESTE
BUENOS AIRES,EL TALAR
BUENOS AIRES,GENERAL PACHECO
BUENOS AIRES,TRONCOS DEL TALAR
BUENOS AIRES,RICARDO ROJAS
BUENOS AIRES,RINCON DE MILBERG
BUENOS AIRES,DUNAMAR
BUENOS AIRES,CASEROS
BUENOS AIRES,CHURRUCA
BUENOS AIRES,CIUDAD JARDIN LOMAS DEL PALOMAR
BUENOS AIRES,CIUDADELA
BUENOS AIRES,EL LIBERTADOR
BUENOS AIRES,JOSE INGENIEROS
BUENOS AIRES,LOMA HERMOSA
BUENOS AIRES,MARTIN CORONADO
BUENOS AIRES,11 DE SEPTIEMBRE
BUENOS AIRES,PABLO PODESTA
BUENOS AIRES,REMEDIOS DE ESCALADA
BUENOS AIRES,SAENZ PENA
BUENOS AIRES,SANTOS LUGARES
BUENOS AIRES,VILLA BOSCH
BUENOS AIRES,VILLA RAFFO
BUENOS AIRES,CARAPACHAY
BUENOS AIRES,FLORIDA
BUENOS AIRES,FLORIDA OESTE
BUENOS AIRES,LA LUCILA
BUENOS AIRES,MUNRO
BUENOS AIRES,OLIVOS
BUENOS AIRES,VILLA MARTELLI
BUENOS AIRES,BARRIO SAAVEDRA
CATAMARCA,BUENA VISTA
CATAMARCA,ACONQUIJA
CATAMARCA,ALTO DE LAS JUNTAS
CATAMARCA,LA MESADA
CATAMARCA,LOS ANGELES NORTE
CATAMARCA,LOS ANGELES SUR
CATAMARCA,EL HUECO
CATAMARCA,LA CARRERA
CATAMARCA,LA FALDA DE SAN ANTONIO
CATAMARCA,LA TERCENA
CATAMARCA,LAMPACITO
CATAMARCA,SAN JOSE BANDA
CATAMARCA,EL CERRITO
CATAMARCA,PALO SECO
CATAMARCA,SAN JOSE NORTE
CATAMARCA,SAN JOSE VILLA
CATAMARCA,LA RAMADITA
CATAMARCA,PAMPA BLANCA
CATAMARCA,POLCOS
CATAMARCA,POZO DEL MISTOL
CATAMARCA,SANTA ROSA
CATAMARCA,SUMALAO
CATAMARCA,VILLA DOLORES
CORDOBA,VILLA SAN MIGUEL
CORDOBA,SANTA MONICA
CORDOBA,SAN IGNACIO (LOTEO VELEZ CRESPO)
CORDOBA,VA.CIUDAD PQUE.LOS REARTES (1° SECCION)
CORDOBA,VA.CIUDAD PQUE.LOS REARTES (3° SECCION)
CORDOBA,JARDIN ARENALES
CORDOBA,DUMESNIL
CORDOBA,EL DIQUECITO
CORDOBA,EL PUEBLITO
CORDOBA,GUINAZU NORTE
CORDOBA,PARQUE NORTE
CORDOBA,1° DE AGOSTO
CORDOBA,ALLMIRANTE BROWN
CORDOBA,CIUDAD DE LOS NINOS
CORDOBA,VILLA PASTORA
CORDOBA,JUAREZ CELMAN
CORDOBA,VILLA LOS LLANOS
CORDOBA,SAN ROQUE DEL LAGO
CORDOBA,ALTO RESBALOSO - EL BARRIAL
CORDOBA,EL VALLE
CORDOBA,LAS CHACRAS
CORDOBA,BARRIO GILBERT
CORDOBA,TEJAS TRES
CORDOBA,BARRIO VILLA DEL PARQUE
CORDOBA,LA DONOSA
CORDOBA,MI VALLE
CHUBUT,ACCESO NORTE
CHUBUT,BARRIO CALETA CORDOVA
CHUBUT,CALETA OLIVARES
CHUBUT,BARRIO CASTELLI
CHUBUT,BARRIO CIUDADELA
CHUBUT,BARRIO GASODUCTO
CHUBUT,BARRIO GUEMES
CHUBUT,BARRIO LAPRIDA
CHUBUT,BARRIO MANANTIAL ROSALES
CHUBUT,BARRIO MILITAR Y AEROPUERTO
CHUBUT,BARRIO PROSPERO PALAZZO
CHUBUT,BARRIO RESTINGA ALI
CHUBUT,BARRIO RODRIGUEZ PENA
CHUBUT,BARRIO SAAVEDRA
CHUBUT,BARRIO SARMIENTO
JUJUY,LOS NOGALES
CHUBUT,BARRIO 25 DE MAYO
CHUBUT,BARRIO VILLA S.U.P.E.
CHUBUT,KILOMETRO 5 - PRESIDENTE ORTIZ
CHUBUT,KILOMETRO 8 - DON BOSCO
CHUBUT,KILOMETRO 11 - CUARTELES
CHUBUT,KILOMETRO 3 - GENERAL MOSCONI
ENTRE RIOS,EL BRILLANTE
ENTRE RIOS,EL COLORADO
ENTRE RIOS,BENITO LEGEREN
ENTRE RIOS,VILLA ADELA
ENTRE RIOS,LAS TEJAS
ENTRE RIOS,VILLA ZORRAQUIN
ENTRE RIOS,STROBEL
ENTRE RIOS,ESTACION PUIGGARI
ENTRE RIOS,PUEBLO MORENO
LA RIOJA,LOS SARMIENTOS
FORMOSA,COMUNIDAD ABORIGEN BARTOLOME DE LAS CASAS
JUJUY,FLEMING
JUJUY,PILA PARDO
JUJUY,SAN PABLO DE REYES
JUJUY,PUEBLO LEDESMA
JUJUY,RIO BLANCO
JUJUY,YACORAITE
LA RIOJA,MACHIGASTA
LA RIOJA,SANTA CLARA
LA RIOJA,BANDA FLORIDA
LA RIOJA,SAN MIGUEL
LA RIOJA,ANGUINAN
LA RIOJA,LA PUNTILLA
LA RIOJA,AMUSCHINA
LA RIOJA,ANDOLUCAS
LA RIOJA,CHAUPIHUASI
LA RIOJA,LAS TALAS
LA RIOJA,LOS ROBLES
LA RIOJA,SALICAS
MENDOZA,NUEVA CIUDAD
LA RIOJA,SHAQUI
LA RIOJA,SURIYACO
LA RIOJA,TUYUBIL
LA RIOJA,ALPASINCHE
LA RIOJA,CUIPAN
LA RIOJA,SAN BLAS
MENDOZA,1RA SECCION
MENDOZA,2DA SECCION
MENDOZA,3RA SECCION
MENDOZA,4TA SECCION
MENDOZA,5TA SECCION
MENDOZA,6TA SECCION
MENDOZA,7MA SECCION
MENDOZA,9NA SECCION
MENDOZA,10MA SECCION
MENDOZA,11VA SECCION
MENDOZA,8VA SECCION
MENDOZA,CIUDAD DE GODOY CRUZ
MENDOZA,LAS TORTUGAS
MENDOZA,PRESIDENTE SARMIENTO
MENDOZA,SAN FRANCISCO DEL MONTE
MENDOZA,GOBERNADOR BENEGAS
MENDOZA,BUENA NUEVA
MENDOZA,CAPILLA DEL ROSARIO
MENDOZA,DORREGO
MENDOZA,EL SAUCE
MENDOZA,JESUS NAZARENO
MENDOZA,RODEO DE LA CRUZ
MENDOZA,PEDRO MOLINA
MENDOZA,VILLA NUEVA
MENDOZA,GENERAL BELGRANO
MENDOZA,CAPDEVILA
MENDOZA,CIUDAD DE LAS HERAS
MENDOZA,EL ALGARROBAL
MENDOZA,EL BORBOLLON
MENDOZA,EL CHALLAO
MENDOZA,EL RESGUARDO
MENDOZA,EL ZAPALLAR
MENDOZA,LA CIENEGUITA
MENDOZA,SIERRAS DE ENCALADA
MENDOZA,EL PLUMERILLO
MENDOZA,PANQUEHUA
MENDOZA,CARRODILLA
MENDOZA,CIUDAD LUJAN DE CUYO
MENDOZA,LAS CANAS
MENDOZA,LA PUNTILLA
MENDOZA,MAYOR DRUMMOND
MENDOZA,CHACRAS DE CORIA
MENDOZA,VISTALBA
MENDOZA,COQUIMBITO
MENDOZA,GENERAL GUTIERREZ
MENDOZA,LUZURIAGA
MENDOZA,CIUDAD DE MAIPU
MENDOZA,CUADRO ORTEGA
MENDOZA,PALMIRA
MENDOZA,CUADRO NACIONAL
MENDOZA,VILLA BASTIAS
MISIONES,DOS DE MAYO NUCLEO I
MISIONES,DOS DE MAYO NUCLEO II
NEUQUEN,COVUNCO CENTRO
RIO NEGRO,VILLA LLAO LLAO
RIO NEGRO,VILLA CAMPANARIO
RIO NEGRO,BARRIO PRESIDENTE PERON
RIO NEGRO,BARRIO PINO AZUL
RIO NEGRO,BARRIO LA LOR
SALTA,COUNTRY CLUB LA ALMUDENA
SALTA,COUNTRY CLUB EL TIPAL
SALTA,MISION TIERRAS FISCALES
SAN LUIS,EL CHORRILLO
SALTA,RECAREDO
SALTA,LA MISION
SAN JUAN,VILLA SEFAIR
SAN JUAN,VILLA EL SALVADOR
SAN JUAN,LOS MEDANOS
SAN JUAN,LAS TALAS
SAN JUAN,LA FALDA
SAN JUAN,VILLA NACUSI
SAN JUAN,LA RINCONADA
SAN JUAN,VILLA ABERASTAIN
SAN JUAN,VILLA BARBOZA
SAN JUAN,EL MEDANITO
SAN JUAN,COLONIA GUTIERREZ
SAN JUAN,LA CHIMBERA
SAN JUAN,VILLA BORJAS
SAN JUAN,VILLA TACU
SAN LUIS,5TA BRIGADA
SAN LUIS,LA RIBERA
SAN LUIS,COUNTRY CLUB LOS CALDENES
SAN LUIS,SAN ROQUE
SAN LUIS,CRUZ DE PIEDRA
SAN LUIS,CERRO COLORADO
SANTA FE,ESTACION PRESIDENTE ROCA
SANTA FE,VILLA ADELINA
TUCUMAN,VILLA TERCERA
TUCUMAN,BARRIO AEROPUERTO
TUCUMAN,LOS GUTIERREZ
TUCUMAN,LASTENIA
TUCUMAN,EX INGENIO ESPERANZA
TUCUMAN,EL PARAISO
TUCUMAN,EX INGENIO SAN JOSE
CIUDAD AUTONOMA DE BUENOS AIRES,FLORES
CIUDAD AUTONOMA DE BUENOS AIRES,PARQUE CHACABUCO
SANTA FE,RINCON NORTE
TUCUMAN,VILLA RECASTE
TUCUMAN,EX INGENIO LOS RALOS
TUCUMAN,EX INGENIO LUJAN
TUCUMAN,EL CORTE
TUCUMAN,INGENIO LA FLORIDA
TUCUMAN,EX INGENIO NUEVA BAVIERA
TUCUMAN,BARRIO ARAUJO
TUCUMAN,INGENIO SANTA BARBARA
CIUDAD AUTONOMA DE BUENOS AIRES,PALERMO
